#
# There is insufficient memory for the Java Runtime Environment to continue.
# Native memory allocation (malloc) failed to allocate 1181616 bytes. Error detail: Chunk::new
# Possible reasons:
#   The system is out of physical RAM or swap space
#   This process is running with CompressedOops enabled, and the Java Heap may be blocking the growth of the native heap
# Possible solutions:
#   Reduce memory load on the system
#   Increase physical memory or swap space
#   Check if swap backing store is full
#   Decrease Java heap size (-Xmx/-Xms)
#   Decrease number of Java threads
#   Decrease Java thread stack sizes (-Xss)
#   Set larger code cache with -XX:ReservedCodeCacheSize=
#   JVM is running with Unscaled Compressed Oops mode in which the Java heap is
#     placed in the first 4GB address space. The Java Heap base address is the
#     maximum limit for the native heap growth. Please use -XX:HeapBaseMinAddress
#     to set the Java Heap base and to place the Java Heap above 4GB virtual address.
# This output file may be truncated or incomplete.
#
#  Out of Memory Error (arena.cpp:168), pid=40680, tid=45744
#
# JRE version: OpenJDK Runtime Environment Corretto-21.0.3.9.1 (21.0.3+9) (build 21.0.3+9-LTS)
# Java VM: OpenJDK 64-Bit Server VM Corretto-21.0.3.9.1 (21.0.3+9-LTS, mixed mode, sharing, tiered, compressed oops, compressed class ptrs, g1 gc, windows-amd64)
# No core dump will be written. Minidumps are not enabled by default on client versions of Windows
#

---------------  S U M M A R Y ------------

Command Line: --add-opens=java.base/java.lang=ALL-UNNAMED --add-opens=java.base/java.lang.invoke=ALL-UNNAMED --add-opens=java.base/java.util=ALL-UNNAMED --add-opens=java.prefs/java.util.prefs=ALL-UNNAMED --add-exports=jdk.compiler/com.sun.tools.javac.api=ALL-UNNAMED --add-exports=jdk.compiler/com.sun.tools.javac.util=ALL-UNNAMED --add-opens=java.base/java.util=ALL-UNNAMED --add-opens=java.prefs/java.util.prefs=ALL-UNNAMED --add-opens=java.base/java.nio.charset=ALL-UNNAMED --add-opens=java.base/java.net=ALL-UNNAMED --add-opens=java.base/java.util.concurrent.atomic=ALL-UNNAMED --add-opens=java.xml/javax.xml.namespace=ALL-UNNAMED -XX:MaxMetaspaceSize=512m -Xmx2048m -Dfile.encoding=UTF-8 -Duser.country=IN -Duser.language=en -Duser.variant -javaagent:C:\Users\abhil\.gradle\wrapper\dists\gradle-8.13-bin\5xuhj0ry160q40clulazy9h7d\gradle-8.13\lib\agents\gradle-instrumentation-agent-8.13.jar org.gradle.launcher.daemon.bootstrap.GradleDaemon 8.13

Host: AMD Ryzen 7 7745HX with Radeon Graphics        , 16 cores, 15G,  Windows 11 , 64 bit Build 26100 (10.0.26100.4202)
Time: Sat Jun 14 12:56:19 2025 India Standard Time elapsed time: 2948.573735 seconds (0d 0h 49m 8s)

---------------  T H R E A D  ---------------

Current thread (0x000002aec5512dd0):  JavaThread "C2 CompilerThread1" daemon [_thread_in_native, id=45744, stack(0x000000c812400000,0x000000c812500000) (1024K)]


Current CompileTask:
C2:2948573 25216       4       org.gradle.internal.service.TypeStringFormatter::format (178 bytes)

Stack: [0x000000c812400000,0x000000c812500000]
Native frames: (J=compiled Java code, j=interpreted, Vv=VM code, C=native code)
V  [jvm.dll+0x6d4fa9]
V  [jvm.dll+0x8b01c3]
V  [jvm.dll+0x8b251e]
V  [jvm.dll+0x8b2c03]
V  [jvm.dll+0x284fb6]
V  [jvm.dll+0xc5ffd]
V  [jvm.dll+0xc6533]
V  [jvm.dll+0x3bc2d1]
V  [jvm.dll+0x388aa7]
V  [jvm.dll+0x387f1a]
V  [jvm.dll+0x24d512]
V  [jvm.dll+0x24cae1]
V  [jvm.dll+0x1cbd64]
V  [jvm.dll+0x25c059]
V  [jvm.dll+0x25a60b]
V  [jvm.dll+0x3f6976]
V  [jvm.dll+0x859258]
V  [jvm.dll+0x6d37ed]
C  [ucrtbase.dll+0x37b0]
C  [KERNEL32.DLL+0x2e8d7]
C  [ntdll.dll+0x3c34c]


---------------  P R O C E S S  ---------------

Threads class SMR info:
_java_thread_list=0x000002aeb6dc1c90, length=83, elements={
0x000002aef4ec7d10, 0x000002ae949aeba0, 0x000002ae949b4790, 0x000002ae949ba090,
0x000002ae949dcfa0, 0x000002ae949de570, 0x000002ae949dfb40, 0x000002ae949e85a0,
0x000002ae949f9190, 0x000002ae9497d740, 0x000002ae94d016b0, 0x000002aeb542c580,
0x000002aeb5f84da0, 0x000002aeb5fe0f70, 0x000002aeb5ec5180, 0x000002aeb5ec5810,
0x000002aeb5ec5ea0, 0x000002aeb9e17dc0, 0x000002aeb9e1b240, 0x000002aeb9e19800,
0x000002aeb9e19170, 0x000002aeba5f8160, 0x000002aebc306ea0, 0x000002aeb7924340,
0x000002aebbb07dc0, 0x000002aebbb05660, 0x000002aebbb070a0, 0x000002aebc307bc0,
0x000002aebc308250, 0x000002aebd0b35b0, 0x000002aeb66e0560, 0x000002aeb66df840,
0x000002aeb66e1280, 0x000002aeb66dfed0, 0x000002aeb66e1910, 0x000002aeb66de490,
0x000002aeb66e3350, 0x000002aec2019120, 0x000002aec2005cb0, 0x000002aec2006340,
0x000002aec2004270, 0x000002aec20069d0, 0x000002aec2007060, 0x000002aec2003be0,
0x000002aec20076f0, 0x000002aec2004900, 0x000002aec20097c0, 0x000002aec200b200,
0x000002aec200a4e0, 0x000002aec2008410, 0x000002aec2008aa0, 0x000002aec2009130,
0x000002aec2007d80, 0x000002aec200bf20, 0x000002aec200ab70, 0x000002aec5512dd0,
0x000002aec550f750, 0x000002aec200d2d0, 0x000002aec200e680, 0x000002aec200d960,
0x000002aec200dff0, 0x000002aec200ed10, 0x000002aec200b890, 0x000002aec200fa30,
0x000002aec55134a0, 0x000002aec200f3a0, 0x000002aec2013540, 0x000002aec2010750,
0x000002aec20100c0, 0x000002aec2013bd0, 0x000002aec2014260, 0x000002aec20148f0,
0x000002aec2012190, 0x000002aec5511960, 0x000002aec2011b00, 0x000002aec2012eb0,
0x000002aec2012820, 0x000002aec2011470, 0x000002aec2014f80, 0x000002aec2016330,
0x000002aec20169c0, 0x000002aec2015610, 0x000002aec2015ca0
}

Java Threads: ( => current thread )
  0x000002aef4ec7d10 JavaThread "main"                              [_thread_blocked, id=38232, stack(0x000000c80f000000,0x000000c80f100000) (1024K)]
  0x000002ae949aeba0 JavaThread "Reference Handler"          daemon [_thread_blocked, id=42696, stack(0x000000c80f800000,0x000000c80f900000) (1024K)]
  0x000002ae949b4790 JavaThread "Finalizer"                  daemon [_thread_blocked, id=10668, stack(0x000000c80f900000,0x000000c80fa00000) (1024K)]
  0x000002ae949ba090 JavaThread "Signal Dispatcher"          daemon [_thread_blocked, id=23576, stack(0x000000c80fa00000,0x000000c80fb00000) (1024K)]
  0x000002ae949dcfa0 JavaThread "Attach Listener"            daemon [_thread_blocked, id=10100, stack(0x000000c80fb00000,0x000000c80fc00000) (1024K)]
  0x000002ae949de570 JavaThread "Service Thread"             daemon [_thread_blocked, id=26312, stack(0x000000c80fc00000,0x000000c80fd00000) (1024K)]
  0x000002ae949dfb40 JavaThread "Monitor Deflation Thread"   daemon [_thread_blocked, id=30360, stack(0x000000c80fd00000,0x000000c80fe00000) (1024K)]
  0x000002ae949e85a0 JavaThread "C2 CompilerThread0"         daemon [_thread_in_native, id=44180, stack(0x000000c80fe00000,0x000000c80ff00000) (1024K)]
  0x000002ae949f9190 JavaThread "C1 CompilerThread0"         daemon [_thread_blocked, id=41400, stack(0x000000c80ff00000,0x000000c810000000) (1024K)]
  0x000002ae9497d740 JavaThread "Common-Cleaner"             daemon [_thread_blocked, id=2860, stack(0x000000c810100000,0x000000c810200000) (1024K)]
  0x000002ae94d016b0 JavaThread "Notification Thread"        daemon [_thread_blocked, id=40756, stack(0x000000c810200000,0x000000c810300000) (1024K)]
  0x000002aeb542c580 JavaThread "Daemon health stats"               [_thread_blocked, id=44584, stack(0x000000c811100000,0x000000c811200000) (1024K)]
  0x000002aeb5f84da0 JavaThread "Incoming local TCP Connector on port 53056"        [_thread_in_native, id=46012, stack(0x000000c811200000,0x000000c811300000) (1024K)]
  0x000002aeb5fe0f70 JavaThread "Daemon periodic checks"            [_thread_blocked, id=23352, stack(0x000000c811300000,0x000000c811400000) (1024K)]
  0x000002aeb5ec5180 JavaThread "Cache worker for journal cache (C:\Users\abhil\.gradle\caches\journal-1)"        [_thread_blocked, id=4100, stack(0x000000c811b00000,0x000000c811c00000) (1024K)]
  0x000002aeb5ec5810 JavaThread "File lock request listener"        [_thread_in_native, id=42812, stack(0x000000c811c00000,0x000000c811d00000) (1024K)]
  0x000002aeb5ec5ea0 JavaThread "Cache worker for file hash cache (C:\Users\abhil\.gradle\caches\8.13\fileHashes)"        [_thread_blocked, id=45472, stack(0x000000c811d00000,0x000000c811e00000) (1024K)]
  0x000002aeb9e17dc0 JavaThread "File watcher server"        daemon [_thread_in_native, id=28948, stack(0x000000c812600000,0x000000c812700000) (1024K)]
  0x000002aeb9e1b240 JavaThread "File watcher consumer"      daemon [_thread_blocked, id=7856, stack(0x000000c812700000,0x000000c812800000) (1024K)]
  0x000002aeb9e19800 JavaThread "jar transforms"                    [_thread_blocked, id=45312, stack(0x000000c812800000,0x000000c812900000) (1024K)]
  0x000002aeb9e19170 JavaThread "Cache worker for file content cache (C:\Users\abhil\.gradle\caches\8.13\fileContent)"        [_thread_blocked, id=45316, stack(0x000000c812a00000,0x000000c812b00000) (1024K)]
  0x000002aeba5f8160 JavaThread "Memory manager"                    [_thread_blocked, id=18308, stack(0x000000c816100000,0x000000c816200000) (1024K)]
  0x000002aebc306ea0 JavaThread "jar transforms Thread 2"           [_thread_blocked, id=36892, stack(0x000000c81cc00000,0x000000c81cd00000) (1024K)]
  0x000002aeb7924340 JavaThread "jar transforms Thread 3"           [_thread_blocked, id=35920, stack(0x000000c81cd00000,0x000000c81ce00000) (1024K)]
  0x000002aebbb07dc0 JavaThread "jar transforms Thread 4"           [_thread_blocked, id=18424, stack(0x000000c81f200000,0x000000c81f300000) (1024K)]
  0x000002aebbb05660 JavaThread "jar transforms Thread 5"           [_thread_blocked, id=38988, stack(0x000000c81f300000,0x000000c81f400000) (1024K)]
  0x000002aebbb070a0 JavaThread "jar transforms Thread 6"           [_thread_blocked, id=45264, stack(0x000000c81f400000,0x000000c81f500000) (1024K)]
  0x000002aebc307bc0 JavaThread "jar transforms Thread 7"           [_thread_blocked, id=32348, stack(0x000000c81f600000,0x000000c81f700000) (1024K)]
  0x000002aebc308250 JavaThread "jar transforms Thread 8"           [_thread_blocked, id=10308, stack(0x000000c81f700000,0x000000c81f800000) (1024K)]
  0x000002aebd0b35b0 JavaThread "jar transforms Thread 9"           [_thread_blocked, id=43440, stack(0x000000c81f800000,0x000000c81f900000) (1024K)]
  0x000002aeb66e0560 JavaThread "jar transforms Thread 10"          [_thread_blocked, id=5136, stack(0x000000c81f900000,0x000000c81fa00000) (1024K)]
  0x000002aeb66df840 JavaThread "jar transforms Thread 11"          [_thread_blocked, id=17820, stack(0x000000c81fb00000,0x000000c81fc00000) (1024K)]
  0x000002aeb66e1280 JavaThread "jar transforms Thread 12"          [_thread_blocked, id=21668, stack(0x000000c81fc00000,0x000000c81fd00000) (1024K)]
  0x000002aeb66dfed0 JavaThread "jar transforms Thread 13"          [_thread_blocked, id=42900, stack(0x000000c81fd00000,0x000000c81fe00000) (1024K)]
  0x000002aeb66e1910 JavaThread "jar transforms Thread 14"          [_thread_blocked, id=43512, stack(0x000000c81fe00000,0x000000c81ff00000) (1024K)]
  0x000002aeb66de490 JavaThread "jar transforms Thread 15"          [_thread_blocked, id=16916, stack(0x000000c81ff00000,0x000000c820000000) (1024K)]
  0x000002aeb66e3350 JavaThread "jar transforms Thread 16"          [_thread_blocked, id=15052, stack(0x000000c820000000,0x000000c820100000) (1024K)]
  0x000002aec2019120 JavaThread "pool-3-thread-1"                   [_thread_blocked, id=27716, stack(0x000000c820100000,0x000000c820200000) (1024K)]
  0x000002aec2005cb0 JavaThread "Daemon Thread 2"                   [_thread_blocked, id=39816, stack(0x000000c80ed00000,0x000000c80ee00000) (1024K)]
  0x000002aec2006340 JavaThread "Handler for socket connection from /127.0.0.1:53056 to /127.0.0.1:54978"        [_thread_in_native, id=19664, stack(0x000000c80ee00000,0x000000c80ef00000) (1024K)]
  0x000002aec2004270 JavaThread "Cancel handler"                    [_thread_blocked, id=40156, stack(0x000000c80ef00000,0x000000c80f000000) (1024K)]
  0x000002aec20069d0 JavaThread "Daemon worker Thread 2"            [_thread_in_Java, id=44704, stack(0x000000c810000000,0x000000c810100000) (1024K)]
  0x000002aec2007060 JavaThread "Asynchronous log dispatcher for DefaultDaemonConnection: socket connection from /127.0.0.1:53056 to /127.0.0.1:54978"        [_thread_blocked, id=5716, stack(0x000000c810300000,0x000000c810400000) (1024K)]
  0x000002aec2003be0 JavaThread "Stdin handler"                     [_thread_blocked, id=20196, stack(0x000000c810400000,0x000000c810500000) (1024K)]
  0x000002aec20076f0 JavaThread "Daemon client event forwarder"        [_thread_blocked, id=45800, stack(0x000000c810500000,0x000000c810600000) (1024K)]
  0x000002aec2004900 JavaThread "Cache worker for file hash cache (C:\Users\abhil\Desktop\dev\QV\qvadmin-ui\android\.gradle\8.13\fileHashes)"        [_thread_blocked, id=9888, stack(0x000000c810600000,0x000000c810700000) (1024K)]
  0x000002aec20097c0 JavaThread "Cache worker for Build Output Cleanup Cache (C:\Users\abhil\Desktop\dev\QV\qvadmin-ui\android\.gradle\buildOutputCleanup)"        [_thread_blocked, id=44780, stack(0x000000c810b00000,0x000000c810c00000) (1024K)]
  0x000002aec200b200 JavaThread "Cache worker for checksums cache (C:\Users\abhil\Desktop\dev\QV\qvadmin-ui\android\.gradle\8.13\checksums)"        [_thread_blocked, id=43912, stack(0x000000c810c00000,0x000000c810d00000) (1024K)]
  0x000002aec200a4e0 JavaThread "Cache worker for cache directory md-supplier (C:\Users\abhil\.gradle\caches\8.13\md-supplier)"        [_thread_blocked, id=16472, stack(0x000000c811400000,0x000000c811500000) (1024K)]
  0x000002aec2008410 JavaThread "Cache worker for cache directory md-rule (C:\Users\abhil\.gradle\caches\8.13\md-rule)"        [_thread_blocked, id=42844, stack(0x000000c811500000,0x000000c811600000) (1024K)]
  0x000002aec2008aa0 JavaThread "Cache worker for Build Output Cleanup Cache (C:\Users\abhil\Desktop\dev\QV\qvadmin-ui\node_modules\@react-native\gradle-plugin\.gradle\buildOutputCleanup)"        [_thread_blocked, id=3684, stack(0x000000c811600000,0x000000c811700000) (1024K)]
  0x000002aec2009130 JavaThread "Unconstrained build operations"        [_thread_blocked, id=41432, stack(0x000000c811700000,0x000000c811800000) (1024K)]
  0x000002aec2007d80 JavaThread "Unconstrained build operations Thread 2"        [_thread_blocked, id=6344, stack(0x000000c811800000,0x000000c811900000) (1024K)]
  0x000002aec200bf20 JavaThread "Unconstrained build operations Thread 3"        [_thread_blocked, id=42920, stack(0x000000c811900000,0x000000c811a00000) (1024K)]
  0x000002aec200ab70 JavaThread "Unconstrained build operations Thread 4"        [_thread_blocked, id=45888, stack(0x000000c811a00000,0x000000c811b00000) (1024K)]
=>0x000002aec5512dd0 JavaThread "C2 CompilerThread1"         daemon [_thread_in_native, id=45744, stack(0x000000c812400000,0x000000c812500000) (1024K)]
  0x000002aec550f750 JavaThread "C1 CompilerThread1"         daemon [_thread_blocked, id=26980, stack(0x000000c812500000,0x000000c812600000) (1024K)]
  0x000002aec200d2d0 JavaThread "Unconstrained build operations Thread 5"        [_thread_blocked, id=32124, stack(0x000000c812900000,0x000000c812a00000) (1024K)]
  0x000002aec200e680 JavaThread "Unconstrained build operations Thread 6"        [_thread_blocked, id=45380, stack(0x000000c812b00000,0x000000c812c00000) (1024K)]
  0x000002aec200d960 JavaThread "Unconstrained build operations Thread 7"        [_thread_blocked, id=42092, stack(0x000000c812c00000,0x000000c812d00000) (1024K)]
  0x000002aec200dff0 JavaThread "Unconstrained build operations Thread 8"        [_thread_blocked, id=29648, stack(0x000000c812d00000,0x000000c812e00000) (1024K)]
  0x000002aec200ed10 JavaThread "Unconstrained build operations Thread 9"        [_thread_blocked, id=24496, stack(0x000000c812e00000,0x000000c812f00000) (1024K)]
  0x000002aec200b890 JavaThread "Unconstrained build operations Thread 10"        [_thread_blocked, id=32800, stack(0x000000c812f00000,0x000000c813000000) (1024K)]
  0x000002aec200fa30 JavaThread "Unconstrained build operations Thread 11"        [_thread_blocked, id=14460, stack(0x000000c813100000,0x000000c813200000) (1024K)]
  0x000002aec55134a0 JavaThread "C2 CompilerThread2"         daemon [_thread_in_native, id=45912, stack(0x000000c813000000,0x000000c813100000) (1024K)]
  0x000002aec200f3a0 JavaThread "Unconstrained build operations Thread 12"        [_thread_blocked, id=19768, stack(0x000000c813200000,0x000000c813300000) (1024K)]
  0x000002aec2013540 JavaThread "Unconstrained build operations Thread 13"        [_thread_blocked, id=40984, stack(0x000000c813300000,0x000000c813400000) (1024K)]
  0x000002aec2010750 JavaThread "Unconstrained build operations Thread 14"        [_thread_blocked, id=45164, stack(0x000000c813400000,0x000000c813500000) (1024K)]
  0x000002aec20100c0 JavaThread "Unconstrained build operations Thread 15"        [_thread_blocked, id=25756, stack(0x000000c813500000,0x000000c813600000) (1024K)]
  0x000002aec2013bd0 JavaThread "Unconstrained build operations Thread 16"        [_thread_blocked, id=44540, stack(0x000000c813600000,0x000000c813700000) (1024K)]
  0x000002aec2014260 JavaThread "Unconstrained build operations Thread 17"        [_thread_blocked, id=27492, stack(0x000000c813700000,0x000000c813800000) (1024K)]
  0x000002aec20148f0 JavaThread "Unconstrained build operations Thread 18"        [_thread_blocked, id=44480, stack(0x000000c813800000,0x000000c813900000) (1024K)]
  0x000002aec2012190 JavaThread "Unconstrained build operations Thread 19"        [_thread_blocked, id=36152, stack(0x000000c813900000,0x000000c813a00000) (1024K)]
  0x000002aec5511960 JavaThread "C2 CompilerThread3"         daemon [_thread_in_native, id=44160, stack(0x000000c813a00000,0x000000c813b00000) (1024K)]
  0x000002aec2011b00 JavaThread "Unconstrained build operations Thread 20"        [_thread_blocked, id=27528, stack(0x000000c813b00000,0x000000c813c00000) (1024K)]
  0x000002aec2012eb0 JavaThread "Unconstrained build operations Thread 21"        [_thread_blocked, id=35836, stack(0x000000c813c00000,0x000000c813d00000) (1024K)]
  0x000002aec2012820 JavaThread "Unconstrained build operations Thread 22"        [_thread_blocked, id=16764, stack(0x000000c813d00000,0x000000c813e00000) (1024K)]
  0x000002aec2011470 JavaThread "Unconstrained build operations Thread 23"        [_thread_blocked, id=45936, stack(0x000000c813e00000,0x000000c813f00000) (1024K)]
  0x000002aec2014f80 JavaThread "Unconstrained build operations Thread 24"        [_thread_blocked, id=42828, stack(0x000000c813f00000,0x000000c814000000) (1024K)]
  0x000002aec2016330 JavaThread "Unconstrained build operations Thread 25"        [_thread_blocked, id=44920, stack(0x000000c814000000,0x000000c814100000) (1024K)]
  0x000002aec20169c0 JavaThread "Unconstrained build operations Thread 26"        [_thread_blocked, id=43024, stack(0x000000c814100000,0x000000c814200000) (1024K)]
  0x000002aec2015610 JavaThread "Unconstrained build operations Thread 27"        [_thread_blocked, id=41308, stack(0x000000c814200000,0x000000c814300000) (1024K)]
  0x000002aec2015ca0 JavaThread "Unconstrained build operations Thread 28"        [_thread_blocked, id=32828, stack(0x000000c814300000,0x000000c814400000) (1024K)]
Total: 83

Other Threads:
  0x000002ae949923f0 VMThread "VM Thread"                           [id=39300, stack(0x000000c80f700000,0x000000c80f800000) (1024K)]
  0x000002ae94a81920 WatcherThread "VM Periodic Task Thread"        [id=40248, stack(0x000000c80f600000,0x000000c80f700000) (1024K)]
  0x000002aef72e8270 WorkerThread "GC Thread#0"                     [id=42044, stack(0x000000c80f100000,0x000000c80f200000) (1024K)]
  0x000002aeb405b3d0 WorkerThread "GC Thread#1"                     [id=43840, stack(0x000000c810700000,0x000000c810800000) (1024K)]
  0x000002aeb43d6080 WorkerThread "GC Thread#2"                     [id=30464, stack(0x000000c810800000,0x000000c810900000) (1024K)]
  0x000002aeb4486000 WorkerThread "GC Thread#3"                     [id=41328, stack(0x000000c810900000,0x000000c810a00000) (1024K)]
  0x000002aeb426ed10 WorkerThread "GC Thread#4"                     [id=40996, stack(0x000000c810a00000,0x000000c810b00000) (1024K)]
  0x000002aeb5e65b20 WorkerThread "GC Thread#5"                     [id=34456, stack(0x000000c810d00000,0x000000c810e00000) (1024K)]
  0x000002aeb5d63410 WorkerThread "GC Thread#6"                     [id=39860, stack(0x000000c810e00000,0x000000c810f00000) (1024K)]
  0x000002aeb5d63bc0 WorkerThread "GC Thread#7"                     [id=16824, stack(0x000000c810f00000,0x000000c811000000) (1024K)]
  0x000002aeb5f9a690 WorkerThread "GC Thread#8"                     [id=21480, stack(0x000000c811000000,0x000000c811100000) (1024K)]
  0x000002aeb5f9b8b0 WorkerThread "GC Thread#9"                     [id=46916, stack(0x000000c811e00000,0x000000c811f00000) (1024K)]
  0x000002aeb5f9bc50 WorkerThread "GC Thread#10"                    [id=40456, stack(0x000000c811f00000,0x000000c812000000) (1024K)]
  0x000002aeb6551790 WorkerThread "GC Thread#11"                    [id=37816, stack(0x000000c812000000,0x000000c812100000) (1024K)]
  0x000002aeb65546b0 WorkerThread "GC Thread#12"                    [id=37776, stack(0x000000c812100000,0x000000c812200000) (1024K)]
  0x000002aef72f9fe0 ConcurrentGCThread "G1 Main Marker"            [id=40840, stack(0x000000c80f200000,0x000000c80f300000) (1024K)]
  0x000002aef72fb190 WorkerThread "G1 Conc#0"                       [id=40592, stack(0x000000c80f300000,0x000000c80f400000) (1024K)]
  0x000002aeb6551ed0 WorkerThread "G1 Conc#1"                       [id=10048, stack(0x000000c812200000,0x000000c812300000) (1024K)]
  0x000002aeb6553490 WorkerThread "G1 Conc#2"                       [id=11220, stack(0x000000c812300000,0x000000c812400000) (1024K)]
  0x000002ae948cb2a0 ConcurrentGCThread "G1 Refine#0"               [id=39360, stack(0x000000c80f400000,0x000000c80f500000) (1024K)]
  0x000002ae948cbc20 ConcurrentGCThread "G1 Service"                [id=40148, stack(0x000000c80f500000,0x000000c80f600000) (1024K)]
Total: 21

Threads with active compile tasks:
C2 CompilerThread0  2948600 25272       4       java.util.HashMap::removeNode (291 bytes)
C2 CompilerThread1  2948600 25216       4       org.gradle.internal.service.TypeStringFormatter::format (178 bytes)
C2 CompilerThread2  2948600 25268       4       org.gradle.internal.buildoption.DefaultInternalOptions::getOption (58 bytes)
C2 CompilerThread3  2948600 25247       4       org.gradle.api.internal.artifacts.ivyservice.ivyresolve.ErrorHandlingModuleComponentRepository$ErrorHandlingModuleComponentRepositoryAccess::estimateMetadataFetchingCost (11 bytes)
Total: 4

VM state: not at safepoint (normal execution)

VM Mutex/Monitor currently owned by a thread: None

Heap address: 0x0000000080000000, size: 2048 MB, Compressed Oops mode: 32-bit

CDS archive(s) mapped at: [0x000002ae95000000-0x000002ae95c90000-0x000002ae95c90000), size 13172736, SharedBaseAddress: 0x000002ae95000000, ArchiveRelocationMode: 1.
Compressed class space mapped at: 0x000002ae96000000-0x000002aeb0000000, reserved size: 436207616
Narrow klass base: 0x000002ae95000000, Narrow klass shift: 0, Narrow klass range: 0x100000000

GC Precious Log:
 CardTable entry size: 512
 Card Set container configuration: InlinePtr #cards 5 size 8 Array Of Cards #cards 12 size 40 Howl #buckets 4 coarsen threshold 1843 Howl Bitmap #cards 512 size 80 coarsen threshold 460 Card regions per heap region 1 cards per card region 2048
 CPUs: 16 total, 16 available
 Memory: 15553M
 Large Page Support: Disabled
 NUMA Support: Disabled
 Compressed Oops: Enabled (32-bit)
 Heap Region Size: 1M
 Heap Min Capacity: 8M
 Heap Initial Capacity: 244M
 Heap Max Capacity: 2G
 Pre-touch: Disabled
 Parallel Workers: 13
 Concurrent Workers: 3
 Concurrent Refinement Workers: 13
 Periodic GC: Disabled

Heap:
 garbage-first heap   total 583680K, used 332452K [0x0000000080000000, 0x0000000100000000)
  region size 1024K, 69 young (70656K), 16 survivors (16384K)
 Metaspace       used 137466K, committed 140544K, reserved 557056K
  class space    used 18369K, committed 19840K, reserved 425984K

Heap Regions: E=young(eden), S=young(survivor), O=old, HS=humongous(starts), HC=humongous(continues), CS=collection set, F=free, TAMS=top-at-mark-start, PB=parsable bottom
|   0|0x0000000080000000, 0x0000000080100000, 0x0000000080100000|100%|HS|  |TAMS 0x0000000080000000| PB 0x0000000080000000| Complete 
|   1|0x0000000080100000, 0x0000000080200000, 0x0000000080200000|100%|HC|  |TAMS 0x0000000080100000| PB 0x0000000080100000| Complete 
|   2|0x0000000080200000, 0x0000000080300000, 0x0000000080300000|100%|HC|  |TAMS 0x0000000080200000| PB 0x0000000080200000| Complete 
|   3|0x0000000080300000, 0x0000000080400000, 0x0000000080400000|100%| O|  |TAMS 0x0000000080300000| PB 0x0000000080300000| Untracked 
|   4|0x0000000080400000, 0x0000000080500000, 0x0000000080500000|100%| O|  |TAMS 0x0000000080400000| PB 0x0000000080400000| Untracked 
|   5|0x0000000080500000, 0x0000000080600000, 0x0000000080600000|100%| O|  |TAMS 0x0000000080500000| PB 0x0000000080500000| Untracked 
|   6|0x0000000080600000, 0x0000000080700000, 0x0000000080700000|100%|HS|  |TAMS 0x0000000080600000| PB 0x0000000080600000| Complete 
|   7|0x0000000080700000, 0x0000000080800000, 0x0000000080800000|100%| O|  |TAMS 0x0000000080700000| PB 0x0000000080700000| Untracked 
|   8|0x0000000080800000, 0x0000000080900000, 0x0000000080900000|100%| O|  |TAMS 0x0000000080800000| PB 0x0000000080800000| Untracked 
|   9|0x0000000080900000, 0x0000000080a00000, 0x0000000080a00000|100%| O|  |TAMS 0x0000000080900000| PB 0x0000000080900000| Untracked 
|  10|0x0000000080a00000, 0x0000000080b00000, 0x0000000080b00000|100%| O|  |TAMS 0x0000000080a00000| PB 0x0000000080a00000| Untracked 
|  11|0x0000000080b00000, 0x0000000080c00000, 0x0000000080c00000|100%| O|  |TAMS 0x0000000080b00000| PB 0x0000000080b00000| Untracked 
|  12|0x0000000080c00000, 0x0000000080d00000, 0x0000000080d00000|100%| O|  |TAMS 0x0000000080c00000| PB 0x0000000080c00000| Untracked 
|  13|0x0000000080d00000, 0x0000000080e00000, 0x0000000080e00000|100%| O|  |TAMS 0x0000000080d00000| PB 0x0000000080d00000| Untracked 
|  14|0x0000000080e00000, 0x0000000080f00000, 0x0000000080f00000|100%| O|  |TAMS 0x0000000080e00000| PB 0x0000000080e00000| Untracked 
|  15|0x0000000080f00000, 0x0000000081000000, 0x0000000081000000|100%| O|  |TAMS 0x0000000080f00000| PB 0x0000000080f00000| Untracked 
|  16|0x0000000081000000, 0x0000000081100000, 0x0000000081100000|100%| O|  |TAMS 0x0000000081000000| PB 0x0000000081000000| Untracked 
|  17|0x0000000081100000, 0x0000000081200000, 0x0000000081200000|100%| O|  |TAMS 0x0000000081100000| PB 0x0000000081100000| Untracked 
|  18|0x0000000081200000, 0x0000000081300000, 0x0000000081300000|100%| O|  |TAMS 0x0000000081200000| PB 0x0000000081200000| Untracked 
|  19|0x0000000081300000, 0x0000000081400000, 0x0000000081400000|100%| O|  |TAMS 0x0000000081300000| PB 0x0000000081300000| Untracked 
|  20|0x0000000081400000, 0x0000000081500000, 0x0000000081500000|100%| O|  |TAMS 0x0000000081400000| PB 0x0000000081400000| Untracked 
|  21|0x0000000081500000, 0x0000000081600000, 0x0000000081600000|100%| O|  |TAMS 0x0000000081500000| PB 0x0000000081500000| Untracked 
|  22|0x0000000081600000, 0x0000000081700000, 0x0000000081700000|100%| O|  |TAMS 0x0000000081600000| PB 0x0000000081600000| Untracked 
|  23|0x0000000081700000, 0x0000000081800000, 0x0000000081800000|100%| O|  |TAMS 0x0000000081700000| PB 0x0000000081700000| Untracked 
|  24|0x0000000081800000, 0x0000000081900000, 0x0000000081900000|100%| O|  |TAMS 0x0000000081800000| PB 0x0000000081800000| Untracked 
|  25|0x0000000081900000, 0x0000000081900000, 0x0000000081a00000|  0%| F|  |TAMS 0x0000000081900000| PB 0x0000000081900000| Untracked 
|  26|0x0000000081a00000, 0x0000000081b00000, 0x0000000081b00000|100%| O|  |TAMS 0x0000000081a00000| PB 0x0000000081a00000| Untracked 
|  27|0x0000000081b00000, 0x0000000081c00000, 0x0000000081c00000|100%| O|  |TAMS 0x0000000081b00000| PB 0x0000000081b00000| Untracked 
|  28|0x0000000081c00000, 0x0000000081d00000, 0x0000000081d00000|100%| O|  |TAMS 0x0000000081c00000| PB 0x0000000081c00000| Untracked 
|  29|0x0000000081d00000, 0x0000000081e00000, 0x0000000081e00000|100%| O|  |TAMS 0x0000000081d00000| PB 0x0000000081d00000| Untracked 
|  30|0x0000000081e00000, 0x0000000081f00000, 0x0000000081f00000|100%| O|  |TAMS 0x0000000081e00000| PB 0x0000000081e00000| Untracked 
|  31|0x0000000081f00000, 0x0000000082000000, 0x0000000082000000|100%| O|  |TAMS 0x0000000081f00000| PB 0x0000000081f00000| Untracked 
|  32|0x0000000082000000, 0x0000000082100000, 0x0000000082100000|100%| O|  |TAMS 0x0000000082000000| PB 0x0000000082000000| Untracked 
|  33|0x0000000082100000, 0x0000000082200000, 0x0000000082200000|100%| O|  |TAMS 0x0000000082100000| PB 0x0000000082100000| Untracked 
|  34|0x0000000082200000, 0x0000000082300000, 0x0000000082300000|100%| O|  |TAMS 0x0000000082200000| PB 0x0000000082200000| Untracked 
|  35|0x0000000082300000, 0x0000000082400000, 0x0000000082400000|100%| O|  |TAMS 0x0000000082300000| PB 0x0000000082300000| Untracked 
|  36|0x0000000082400000, 0x0000000082500000, 0x0000000082500000|100%| O|  |TAMS 0x0000000082400000| PB 0x0000000082400000| Untracked 
|  37|0x0000000082500000, 0x0000000082600000, 0x0000000082600000|100%| O|  |TAMS 0x0000000082500000| PB 0x0000000082500000| Untracked 
|  38|0x0000000082600000, 0x0000000082700000, 0x0000000082700000|100%| O|  |TAMS 0x0000000082600000| PB 0x0000000082600000| Untracked 
|  39|0x0000000082700000, 0x0000000082800000, 0x0000000082800000|100%| O|  |TAMS 0x0000000082700000| PB 0x0000000082700000| Untracked 
|  40|0x0000000082800000, 0x0000000082900000, 0x0000000082900000|100%| O|  |TAMS 0x0000000082800000| PB 0x0000000082800000| Untracked 
|  41|0x0000000082900000, 0x0000000082a00000, 0x0000000082a00000|100%| O|  |TAMS 0x0000000082900000| PB 0x0000000082900000| Untracked 
|  42|0x0000000082a00000, 0x0000000082b00000, 0x0000000082b00000|100%| O|  |TAMS 0x0000000082a00000| PB 0x0000000082a00000| Untracked 
|  43|0x0000000082b00000, 0x0000000082c00000, 0x0000000082c00000|100%| O|  |TAMS 0x0000000082b00000| PB 0x0000000082b00000| Untracked 
|  44|0x0000000082c00000, 0x0000000082d00000, 0x0000000082d00000|100%| O|  |TAMS 0x0000000082c00000| PB 0x0000000082c00000| Untracked 
|  45|0x0000000082d00000, 0x0000000082e00000, 0x0000000082e00000|100%| O|  |TAMS 0x0000000082d00000| PB 0x0000000082d00000| Untracked 
|  46|0x0000000082e00000, 0x0000000082f00000, 0x0000000082f00000|100%|HS|  |TAMS 0x0000000082e00000| PB 0x0000000082e00000| Complete 
|  47|0x0000000082f00000, 0x0000000083000000, 0x0000000083000000|100%|HC|  |TAMS 0x0000000082f00000| PB 0x0000000082f00000| Complete 
|  48|0x0000000083000000, 0x0000000083100000, 0x0000000083100000|100%|HS|  |TAMS 0x0000000083000000| PB 0x0000000083000000| Complete 
|  49|0x0000000083100000, 0x0000000083200000, 0x0000000083200000|100%|HC|  |TAMS 0x0000000083100000| PB 0x0000000083100000| Complete 
|  50|0x0000000083200000, 0x0000000083300000, 0x0000000083300000|100%|HC|  |TAMS 0x0000000083200000| PB 0x0000000083200000| Complete 
|  51|0x0000000083300000, 0x0000000083400000, 0x0000000083400000|100%|HS|  |TAMS 0x0000000083300000| PB 0x0000000083300000| Complete 
|  52|0x0000000083400000, 0x0000000083500000, 0x0000000083500000|100%|HC|  |TAMS 0x0000000083400000| PB 0x0000000083400000| Complete 
|  53|0x0000000083500000, 0x0000000083600000, 0x0000000083600000|100%| O|  |TAMS 0x0000000083500000| PB 0x0000000083500000| Untracked 
|  54|0x0000000083600000, 0x0000000083700000, 0x0000000083700000|100%| O|  |TAMS 0x0000000083600000| PB 0x0000000083600000| Untracked 
|  55|0x0000000083700000, 0x0000000083800000, 0x0000000083800000|100%| O|  |TAMS 0x0000000083700000| PB 0x0000000083700000| Untracked 
|  56|0x0000000083800000, 0x0000000083900000, 0x0000000083900000|100%| O|  |TAMS 0x0000000083800000| PB 0x0000000083800000| Untracked 
|  57|0x0000000083900000, 0x0000000083a00000, 0x0000000083a00000|100%|HS|  |TAMS 0x0000000083900000| PB 0x0000000083900000| Complete 
|  58|0x0000000083a00000, 0x0000000083b00000, 0x0000000083b00000|100%|HC|  |TAMS 0x0000000083a00000| PB 0x0000000083a00000| Complete 
|  59|0x0000000083b00000, 0x0000000083c00000, 0x0000000083c00000|100%|HC|  |TAMS 0x0000000083b00000| PB 0x0000000083b00000| Complete 
|  60|0x0000000083c00000, 0x0000000083d00000, 0x0000000083d00000|100%| O|  |TAMS 0x0000000083c00000| PB 0x0000000083c00000| Untracked 
|  61|0x0000000083d00000, 0x0000000083e00000, 0x0000000083e00000|100%| O|  |TAMS 0x0000000083d00000| PB 0x0000000083d00000| Untracked 
|  62|0x0000000083e00000, 0x0000000083f00000, 0x0000000083f00000|100%| O|  |TAMS 0x0000000083e00000| PB 0x0000000083e00000| Untracked 
|  63|0x0000000083f00000, 0x0000000084000000, 0x0000000084000000|100%| O|  |TAMS 0x0000000083f00000| PB 0x0000000083f00000| Untracked 
|  64|0x0000000084000000, 0x0000000084100000, 0x0000000084100000|100%| O|  |TAMS 0x0000000084000000| PB 0x0000000084000000| Untracked 
|  65|0x0000000084100000, 0x0000000084200000, 0x0000000084200000|100%| O|  |TAMS 0x0000000084100000| PB 0x0000000084100000| Untracked 
|  66|0x0000000084200000, 0x0000000084300000, 0x0000000084300000|100%| O|  |TAMS 0x0000000084200000| PB 0x0000000084200000| Untracked 
|  67|0x0000000084300000, 0x0000000084400000, 0x0000000084400000|100%| O|  |TAMS 0x0000000084300000| PB 0x0000000084300000| Untracked 
|  68|0x0000000084400000, 0x0000000084500000, 0x0000000084500000|100%| O|  |TAMS 0x0000000084400000| PB 0x0000000084400000| Untracked 
|  69|0x0000000084500000, 0x0000000084600000, 0x0000000084600000|100%| O|  |TAMS 0x0000000084500000| PB 0x0000000084500000| Untracked 
|  70|0x0000000084600000, 0x0000000084700000, 0x0000000084700000|100%| O|  |TAMS 0x0000000084600000| PB 0x0000000084600000| Untracked 
|  71|0x0000000084700000, 0x0000000084800000, 0x0000000084800000|100%| O|  |TAMS 0x0000000084700000| PB 0x0000000084700000| Untracked 
|  72|0x0000000084800000, 0x0000000084900000, 0x0000000084900000|100%| O|  |TAMS 0x0000000084800000| PB 0x0000000084800000| Untracked 
|  73|0x0000000084900000, 0x0000000084a00000, 0x0000000084a00000|100%| O|  |TAMS 0x0000000084900000| PB 0x0000000084900000| Untracked 
|  74|0x0000000084a00000, 0x0000000084b00000, 0x0000000084b00000|100%| O|  |TAMS 0x0000000084a00000| PB 0x0000000084a00000| Untracked 
|  75|0x0000000084b00000, 0x0000000084c00000, 0x0000000084c00000|100%| O|  |TAMS 0x0000000084b00000| PB 0x0000000084b00000| Untracked 
|  76|0x0000000084c00000, 0x0000000084d00000, 0x0000000084d00000|100%| O|  |TAMS 0x0000000084c00000| PB 0x0000000084c00000| Untracked 
|  77|0x0000000084d00000, 0x0000000084e00000, 0x0000000084e00000|100%| O|  |TAMS 0x0000000084d00000| PB 0x0000000084d00000| Untracked 
|  78|0x0000000084e00000, 0x0000000084e00000, 0x0000000084f00000|  0%| F|  |TAMS 0x0000000084e00000| PB 0x0000000084e00000| Untracked 
|  79|0x0000000084f00000, 0x0000000085000000, 0x0000000085000000|100%| O|  |TAMS 0x0000000084f00000| PB 0x0000000084f00000| Untracked 
|  80|0x0000000085000000, 0x0000000085100000, 0x0000000085100000|100%| O|  |TAMS 0x0000000085000000| PB 0x0000000085000000| Untracked 
|  81|0x0000000085100000, 0x0000000085200000, 0x0000000085200000|100%|HS|  |TAMS 0x0000000085100000| PB 0x0000000085100000| Complete 
|  82|0x0000000085200000, 0x0000000085300000, 0x0000000085300000|100%|HS|  |TAMS 0x0000000085200000| PB 0x0000000085200000| Complete 
|  83|0x0000000085300000, 0x0000000085400000, 0x0000000085400000|100%|HS|  |TAMS 0x0000000085300000| PB 0x0000000085300000| Complete 
|  84|0x0000000085400000, 0x0000000085500000, 0x0000000085500000|100%|HS|  |TAMS 0x0000000085400000| PB 0x0000000085400000| Complete 
|  85|0x0000000085500000, 0x0000000085600000, 0x0000000085600000|100%| O|  |TAMS 0x0000000085500000| PB 0x0000000085500000| Untracked 
|  86|0x0000000085600000, 0x0000000085700000, 0x0000000085700000|100%|HS|  |TAMS 0x0000000085600000| PB 0x0000000085600000| Complete 
|  87|0x0000000085700000, 0x0000000085800000, 0x0000000085800000|100%|HS|  |TAMS 0x0000000085700000| PB 0x0000000085700000| Complete 
|  88|0x0000000085800000, 0x0000000085900000, 0x0000000085900000|100%| O|  |TAMS 0x0000000085800000| PB 0x0000000085800000| Untracked 
|  89|0x0000000085900000, 0x0000000085a00000, 0x0000000085a00000|100%| O|  |TAMS 0x0000000085900000| PB 0x0000000085900000| Untracked 
|  90|0x0000000085a00000, 0x0000000085b00000, 0x0000000085b00000|100%| O|  |TAMS 0x0000000085a00000| PB 0x0000000085a00000| Untracked 
|  91|0x0000000085b00000, 0x0000000085c00000, 0x0000000085c00000|100%|HS|  |TAMS 0x0000000085b00000| PB 0x0000000085b00000| Complete 
|  92|0x0000000085c00000, 0x0000000085d00000, 0x0000000085d00000|100%|HC|  |TAMS 0x0000000085c00000| PB 0x0000000085c00000| Complete 
|  93|0x0000000085d00000, 0x0000000085e00000, 0x0000000085e00000|100%| O|  |TAMS 0x0000000085d00000| PB 0x0000000085d00000| Untracked 
|  94|0x0000000085e00000, 0x0000000085f00000, 0x0000000085f00000|100%| O|  |TAMS 0x0000000085e00000| PB 0x0000000085e00000| Untracked 
|  95|0x0000000085f00000, 0x0000000086000000, 0x0000000086000000|100%|HS|  |TAMS 0x0000000085f00000| PB 0x0000000085f00000| Complete 
|  96|0x0000000086000000, 0x0000000086100000, 0x0000000086100000|100%| O|  |TAMS 0x0000000086000000| PB 0x0000000086000000| Untracked 
|  97|0x0000000086100000, 0x0000000086200000, 0x0000000086200000|100%| O|  |TAMS 0x0000000086100000| PB 0x0000000086100000| Untracked 
|  98|0x0000000086200000, 0x0000000086300000, 0x0000000086300000|100%| O|  |TAMS 0x0000000086200000| PB 0x0000000086200000| Untracked 
|  99|0x0000000086300000, 0x0000000086400000, 0x0000000086400000|100%| O|  |TAMS 0x0000000086300000| PB 0x0000000086300000| Untracked 
| 100|0x0000000086400000, 0x0000000086500000, 0x0000000086500000|100%| O|  |TAMS 0x0000000086400000| PB 0x0000000086400000| Untracked 
| 101|0x0000000086500000, 0x0000000086600000, 0x0000000086600000|100%| O|  |TAMS 0x0000000086500000| PB 0x0000000086500000| Untracked 
| 102|0x0000000086600000, 0x0000000086700000, 0x0000000086700000|100%| O|  |TAMS 0x0000000086600000| PB 0x0000000086600000| Untracked 
| 103|0x0000000086700000, 0x0000000086800000, 0x0000000086800000|100%| O|  |TAMS 0x0000000086700000| PB 0x0000000086700000| Untracked 
| 104|0x0000000086800000, 0x0000000086900000, 0x0000000086900000|100%| O|  |TAMS 0x0000000086800000| PB 0x0000000086800000| Untracked 
| 105|0x0000000086900000, 0x0000000086a00000, 0x0000000086a00000|100%| O|  |TAMS 0x0000000086900000| PB 0x0000000086900000| Untracked 
| 106|0x0000000086a00000, 0x0000000086b00000, 0x0000000086b00000|100%| O|  |TAMS 0x0000000086a00000| PB 0x0000000086a00000| Untracked 
| 107|0x0000000086b00000, 0x0000000086c00000, 0x0000000086c00000|100%| O|  |TAMS 0x0000000086b00000| PB 0x0000000086b00000| Untracked 
| 108|0x0000000086c00000, 0x0000000086d00000, 0x0000000086d00000|100%| O|  |TAMS 0x0000000086c00000| PB 0x0000000086c00000| Untracked 
| 109|0x0000000086d00000, 0x0000000086e00000, 0x0000000086e00000|100%| O|  |TAMS 0x0000000086d00000| PB 0x0000000086d00000| Untracked 
| 110|0x0000000086e00000, 0x0000000086f00000, 0x0000000086f00000|100%| O|  |TAMS 0x0000000086e00000| PB 0x0000000086e00000| Untracked 
| 111|0x0000000086f00000, 0x0000000087000000, 0x0000000087000000|100%| O|  |TAMS 0x0000000086f00000| PB 0x0000000086f00000| Untracked 
| 112|0x0000000087000000, 0x0000000087100000, 0x0000000087100000|100%| O|  |TAMS 0x0000000087000000| PB 0x0000000087000000| Untracked 
| 113|0x0000000087100000, 0x0000000087200000, 0x0000000087200000|100%| O|  |TAMS 0x0000000087100000| PB 0x0000000087100000| Untracked 
| 114|0x0000000087200000, 0x0000000087300000, 0x0000000087300000|100%| O|  |TAMS 0x0000000087200000| PB 0x0000000087200000| Untracked 
| 115|0x0000000087300000, 0x0000000087400000, 0x0000000087400000|100%| O|  |TAMS 0x0000000087300000| PB 0x0000000087300000| Untracked 
| 116|0x0000000087400000, 0x0000000087500000, 0x0000000087500000|100%| O|  |TAMS 0x0000000087400000| PB 0x0000000087400000| Untracked 
| 117|0x0000000087500000, 0x0000000087600000, 0x0000000087600000|100%| O|  |TAMS 0x0000000087500000| PB 0x0000000087500000| Untracked 
| 118|0x0000000087600000, 0x0000000087700000, 0x0000000087700000|100%| O|  |TAMS 0x0000000087600000| PB 0x0000000087600000| Untracked 
| 119|0x0000000087700000, 0x0000000087800000, 0x0000000087800000|100%| O|  |TAMS 0x0000000087700000| PB 0x0000000087700000| Untracked 
| 120|0x0000000087800000, 0x0000000087900000, 0x0000000087900000|100%| O|  |TAMS 0x0000000087800000| PB 0x0000000087800000| Untracked 
| 121|0x0000000087900000, 0x0000000087a00000, 0x0000000087a00000|100%| O|  |TAMS 0x0000000087900000| PB 0x0000000087900000| Untracked 
| 122|0x0000000087a00000, 0x0000000087b00000, 0x0000000087b00000|100%| O|  |TAMS 0x0000000087a00000| PB 0x0000000087a00000| Untracked 
| 123|0x0000000087b00000, 0x0000000087c00000, 0x0000000087c00000|100%| O|  |TAMS 0x0000000087b00000| PB 0x0000000087b00000| Untracked 
| 124|0x0000000087c00000, 0x0000000087d00000, 0x0000000087d00000|100%| O|  |TAMS 0x0000000087c00000| PB 0x0000000087c00000| Untracked 
| 125|0x0000000087d00000, 0x0000000087e00000, 0x0000000087e00000|100%| O|  |TAMS 0x0000000087d00000| PB 0x0000000087d00000| Untracked 
| 126|0x0000000087e00000, 0x0000000087f00000, 0x0000000087f00000|100%| O|  |TAMS 0x0000000087e00000| PB 0x0000000087e00000| Untracked 
| 127|0x0000000087f00000, 0x0000000088000000, 0x0000000088000000|100%| O|  |TAMS 0x0000000087f00000| PB 0x0000000087f00000| Untracked 
| 128|0x0000000088000000, 0x0000000088100000, 0x0000000088100000|100%| O|  |TAMS 0x0000000088000000| PB 0x0000000088000000| Untracked 
| 129|0x0000000088100000, 0x0000000088200000, 0x0000000088200000|100%| O|  |TAMS 0x0000000088100000| PB 0x0000000088100000| Untracked 
| 130|0x0000000088200000, 0x0000000088300000, 0x0000000088300000|100%| O|  |TAMS 0x0000000088200000| PB 0x0000000088200000| Untracked 
| 131|0x0000000088300000, 0x0000000088400000, 0x0000000088400000|100%| O|  |TAMS 0x0000000088300000| PB 0x0000000088300000| Untracked 
| 132|0x0000000088400000, 0x0000000088500000, 0x0000000088500000|100%| O|  |TAMS 0x0000000088400000| PB 0x0000000088400000| Untracked 
| 133|0x0000000088500000, 0x0000000088600000, 0x0000000088600000|100%| O|  |TAMS 0x0000000088500000| PB 0x0000000088500000| Untracked 
| 134|0x0000000088600000, 0x0000000088700000, 0x0000000088700000|100%| O|  |TAMS 0x0000000088600000| PB 0x0000000088600000| Untracked 
| 135|0x0000000088700000, 0x0000000088800000, 0x0000000088800000|100%| O|  |TAMS 0x0000000088700000| PB 0x0000000088700000| Untracked 
| 136|0x0000000088800000, 0x0000000088900000, 0x0000000088900000|100%|HS|  |TAMS 0x0000000088800000| PB 0x0000000088800000| Complete 
| 137|0x0000000088900000, 0x0000000088a00000, 0x0000000088a00000|100%|HS|  |TAMS 0x0000000088900000| PB 0x0000000088900000| Complete 
| 138|0x0000000088a00000, 0x0000000088b00000, 0x0000000088b00000|100%|HS|  |TAMS 0x0000000088a00000| PB 0x0000000088a00000| Complete 
| 139|0x0000000088b00000, 0x0000000088c00000, 0x0000000088c00000|100%|HC|  |TAMS 0x0000000088b00000| PB 0x0000000088b00000| Complete 
| 140|0x0000000088c00000, 0x0000000088d00000, 0x0000000088d00000|100%| O|  |TAMS 0x0000000088c00000| PB 0x0000000088c00000| Untracked 
| 141|0x0000000088d00000, 0x0000000088e00000, 0x0000000088e00000|100%| O|  |TAMS 0x0000000088d00000| PB 0x0000000088d00000| Untracked 
| 142|0x0000000088e00000, 0x0000000088f00000, 0x0000000088f00000|100%|HS|  |TAMS 0x0000000088e00000| PB 0x0000000088e00000| Complete 
| 143|0x0000000088f00000, 0x0000000089000000, 0x0000000089000000|100%|HS|  |TAMS 0x0000000088f00000| PB 0x0000000088f00000| Complete 
| 144|0x0000000089000000, 0x0000000089100000, 0x0000000089100000|100%| O|  |TAMS 0x0000000089000000| PB 0x0000000089000000| Untracked 
| 145|0x0000000089100000, 0x0000000089200000, 0x0000000089200000|100%| O|  |TAMS 0x0000000089100000| PB 0x0000000089100000| Untracked 
| 146|0x0000000089200000, 0x0000000089300000, 0x0000000089300000|100%| O|  |TAMS 0x0000000089200000| PB 0x0000000089200000| Untracked 
| 147|0x0000000089300000, 0x0000000089400000, 0x0000000089400000|100%| O|  |TAMS 0x0000000089300000| PB 0x0000000089300000| Untracked 
| 148|0x0000000089400000, 0x0000000089500000, 0x0000000089500000|100%| O|  |TAMS 0x0000000089400000| PB 0x0000000089400000| Untracked 
| 149|0x0000000089500000, 0x0000000089600000, 0x0000000089600000|100%| O|  |TAMS 0x0000000089500000| PB 0x0000000089500000| Untracked 
| 150|0x0000000089600000, 0x0000000089700000, 0x0000000089700000|100%| O|  |TAMS 0x0000000089600000| PB 0x0000000089600000| Untracked 
| 151|0x0000000089700000, 0x0000000089800000, 0x0000000089800000|100%| O|  |TAMS 0x0000000089700000| PB 0x0000000089700000| Untracked 
| 152|0x0000000089800000, 0x0000000089900000, 0x0000000089900000|100%| O|  |TAMS 0x0000000089800000| PB 0x0000000089800000| Untracked 
| 153|0x0000000089900000, 0x0000000089a00000, 0x0000000089a00000|100%| O|  |TAMS 0x0000000089900000| PB 0x0000000089900000| Untracked 
| 154|0x0000000089a00000, 0x0000000089b00000, 0x0000000089b00000|100%| O|  |TAMS 0x0000000089a00000| PB 0x0000000089a00000| Untracked 
| 155|0x0000000089b00000, 0x0000000089c00000, 0x0000000089c00000|100%| O|  |TAMS 0x0000000089b00000| PB 0x0000000089b00000| Untracked 
| 156|0x0000000089c00000, 0x0000000089d00000, 0x0000000089d00000|100%| O|  |TAMS 0x0000000089c00000| PB 0x0000000089c00000| Untracked 
| 157|0x0000000089d00000, 0x0000000089e00000, 0x0000000089e00000|100%| O|  |TAMS 0x0000000089d00000| PB 0x0000000089d00000| Untracked 
| 158|0x0000000089e00000, 0x0000000089f00000, 0x0000000089f00000|100%| O|  |TAMS 0x0000000089e00000| PB 0x0000000089e00000| Untracked 
| 159|0x0000000089f00000, 0x000000008a000000, 0x000000008a000000|100%| O|  |TAMS 0x0000000089f00000| PB 0x0000000089f00000| Untracked 
| 160|0x000000008a000000, 0x000000008a100000, 0x000000008a100000|100%| O|  |TAMS 0x000000008a000000| PB 0x000000008a000000| Untracked 
| 161|0x000000008a100000, 0x000000008a200000, 0x000000008a200000|100%| O|  |TAMS 0x000000008a100000| PB 0x000000008a100000| Untracked 
| 162|0x000000008a200000, 0x000000008a300000, 0x000000008a300000|100%| O|  |TAMS 0x000000008a200000| PB 0x000000008a200000| Untracked 
| 163|0x000000008a300000, 0x000000008a400000, 0x000000008a400000|100%|HS|  |TAMS 0x000000008a300000| PB 0x000000008a300000| Complete 
| 164|0x000000008a400000, 0x000000008a500000, 0x000000008a500000|100%|HS|  |TAMS 0x000000008a400000| PB 0x000000008a400000| Complete 
| 165|0x000000008a500000, 0x000000008a600000, 0x000000008a600000|100%|HS|  |TAMS 0x000000008a500000| PB 0x000000008a500000| Complete 
| 166|0x000000008a600000, 0x000000008a700000, 0x000000008a700000|100%| O|  |TAMS 0x000000008a600000| PB 0x000000008a600000| Untracked 
| 167|0x000000008a700000, 0x000000008a800000, 0x000000008a800000|100%| O|  |TAMS 0x000000008a700000| PB 0x000000008a700000| Untracked 
| 168|0x000000008a800000, 0x000000008a900000, 0x000000008a900000|100%| O|  |TAMS 0x000000008a800000| PB 0x000000008a800000| Untracked 
| 169|0x000000008a900000, 0x000000008aa00000, 0x000000008aa00000|100%| O|  |TAMS 0x000000008a900000| PB 0x000000008a900000| Untracked 
| 170|0x000000008aa00000, 0x000000008ab00000, 0x000000008ab00000|100%| O|  |TAMS 0x000000008aa00000| PB 0x000000008aa00000| Untracked 
| 171|0x000000008ab00000, 0x000000008ac00000, 0x000000008ac00000|100%| O|  |TAMS 0x000000008ab00000| PB 0x000000008ab00000| Untracked 
| 172|0x000000008ac00000, 0x000000008ad00000, 0x000000008ad00000|100%| O|  |TAMS 0x000000008ac00000| PB 0x000000008ac00000| Untracked 
| 173|0x000000008ad00000, 0x000000008ae00000, 0x000000008ae00000|100%| O|  |TAMS 0x000000008ad00000| PB 0x000000008ad00000| Untracked 
| 174|0x000000008ae00000, 0x000000008af00000, 0x000000008af00000|100%| O|  |TAMS 0x000000008ae00000| PB 0x000000008ae00000| Untracked 
| 175|0x000000008af00000, 0x000000008b000000, 0x000000008b000000|100%| O|  |TAMS 0x000000008af00000| PB 0x000000008af00000| Untracked 
| 176|0x000000008b000000, 0x000000008b100000, 0x000000008b100000|100%| O|  |TAMS 0x000000008b000000| PB 0x000000008b000000| Untracked 
| 177|0x000000008b100000, 0x000000008b200000, 0x000000008b200000|100%| O|  |TAMS 0x000000008b100000| PB 0x000000008b100000| Untracked 
| 178|0x000000008b200000, 0x000000008b300000, 0x000000008b300000|100%| O|  |TAMS 0x000000008b200000| PB 0x000000008b200000| Untracked 
| 179|0x000000008b300000, 0x000000008b400000, 0x000000008b400000|100%| O|  |TAMS 0x000000008b300000| PB 0x000000008b300000| Untracked 
| 180|0x000000008b400000, 0x000000008b500000, 0x000000008b500000|100%| O|  |TAMS 0x000000008b400000| PB 0x000000008b400000| Untracked 
| 181|0x000000008b500000, 0x000000008b600000, 0x000000008b600000|100%| O|  |TAMS 0x000000008b500000| PB 0x000000008b500000| Untracked 
| 182|0x000000008b600000, 0x000000008b700000, 0x000000008b700000|100%| O|  |TAMS 0x000000008b600000| PB 0x000000008b600000| Untracked 
| 183|0x000000008b700000, 0x000000008b800000, 0x000000008b800000|100%| O|  |TAMS 0x000000008b700000| PB 0x000000008b700000| Untracked 
| 184|0x000000008b800000, 0x000000008b900000, 0x000000008b900000|100%| O|  |TAMS 0x000000008b800000| PB 0x000000008b800000| Untracked 
| 185|0x000000008b900000, 0x000000008ba00000, 0x000000008ba00000|100%| O|  |TAMS 0x000000008b900000| PB 0x000000008b900000| Untracked 
| 186|0x000000008ba00000, 0x000000008bb00000, 0x000000008bb00000|100%| O|  |TAMS 0x000000008ba00000| PB 0x000000008ba00000| Untracked 
| 187|0x000000008bb00000, 0x000000008bc00000, 0x000000008bc00000|100%| O|  |TAMS 0x000000008bb00000| PB 0x000000008bb00000| Untracked 
| 188|0x000000008bc00000, 0x000000008bd00000, 0x000000008bd00000|100%| O|  |TAMS 0x000000008bc00000| PB 0x000000008bc00000| Untracked 
| 189|0x000000008bd00000, 0x000000008bd00000, 0x000000008be00000|  0%| F|  |TAMS 0x000000008bd00000| PB 0x000000008bd00000| Untracked 
| 190|0x000000008be00000, 0x000000008bf00000, 0x000000008bf00000|100%| O|  |TAMS 0x000000008be00000| PB 0x000000008be00000| Untracked 
| 191|0x000000008bf00000, 0x000000008c000000, 0x000000008c000000|100%| O|  |TAMS 0x000000008bf00000| PB 0x000000008bf00000| Untracked 
| 192|0x000000008c000000, 0x000000008c100000, 0x000000008c100000|100%| O|  |TAMS 0x000000008c000000| PB 0x000000008c000000| Untracked 
| 193|0x000000008c100000, 0x000000008c200000, 0x000000008c200000|100%| O|  |TAMS 0x000000008c100000| PB 0x000000008c100000| Untracked 
| 194|0x000000008c200000, 0x000000008c300000, 0x000000008c300000|100%| O|  |TAMS 0x000000008c200000| PB 0x000000008c200000| Untracked 
| 195|0x000000008c300000, 0x000000008c400000, 0x000000008c400000|100%| O|  |TAMS 0x000000008c300000| PB 0x000000008c300000| Untracked 
| 196|0x000000008c400000, 0x000000008c500000, 0x000000008c500000|100%|HS|  |TAMS 0x000000008c400000| PB 0x000000008c400000| Complete 
| 197|0x000000008c500000, 0x000000008c600000, 0x000000008c600000|100%|HS|  |TAMS 0x000000008c500000| PB 0x000000008c500000| Complete 
| 198|0x000000008c600000, 0x000000008c700000, 0x000000008c700000|100%| O|  |TAMS 0x000000008c600000| PB 0x000000008c600000| Untracked 
| 199|0x000000008c700000, 0x000000008c800000, 0x000000008c800000|100%| O|  |TAMS 0x000000008c700000| PB 0x000000008c700000| Untracked 
| 200|0x000000008c800000, 0x000000008c900000, 0x000000008c900000|100%| O|  |TAMS 0x000000008c800000| PB 0x000000008c800000| Untracked 
| 201|0x000000008c900000, 0x000000008ca00000, 0x000000008ca00000|100%| O|  |TAMS 0x000000008c900000| PB 0x000000008c900000| Untracked 
| 202|0x000000008ca00000, 0x000000008cb00000, 0x000000008cb00000|100%| O|  |TAMS 0x000000008ca00000| PB 0x000000008ca00000| Untracked 
| 203|0x000000008cb00000, 0x000000008cc00000, 0x000000008cc00000|100%| O|  |TAMS 0x000000008cb00000| PB 0x000000008cb00000| Untracked 
| 204|0x000000008cc00000, 0x000000008cd00000, 0x000000008cd00000|100%| O|  |TAMS 0x000000008cc00000| PB 0x000000008cc00000| Untracked 
| 205|0x000000008cd00000, 0x000000008ce00000, 0x000000008ce00000|100%| O|  |TAMS 0x000000008cd00000| PB 0x000000008cd00000| Untracked 
| 206|0x000000008ce00000, 0x000000008cf00000, 0x000000008cf00000|100%| O|  |TAMS 0x000000008ce00000| PB 0x000000008ce00000| Untracked 
| 207|0x000000008cf00000, 0x000000008d000000, 0x000000008d000000|100%| O|  |TAMS 0x000000008cf00000| PB 0x000000008cf00000| Untracked 
| 208|0x000000008d000000, 0x000000008d100000, 0x000000008d100000|100%| O|  |TAMS 0x000000008d000000| PB 0x000000008d000000| Untracked 
| 209|0x000000008d100000, 0x000000008d200000, 0x000000008d200000|100%| O|  |TAMS 0x000000008d100000| PB 0x000000008d100000| Untracked 
| 210|0x000000008d200000, 0x000000008d300000, 0x000000008d300000|100%| O|  |TAMS 0x000000008d200000| PB 0x000000008d200000| Untracked 
| 211|0x000000008d300000, 0x000000008d400000, 0x000000008d400000|100%| O|  |TAMS 0x000000008d300000| PB 0x000000008d300000| Untracked 
| 212|0x000000008d400000, 0x000000008d400000, 0x000000008d500000|  0%| F|  |TAMS 0x000000008d400000| PB 0x000000008d400000| Untracked 
| 213|0x000000008d500000, 0x000000008d600000, 0x000000008d600000|100%| O|  |TAMS 0x000000008d500000| PB 0x000000008d500000| Untracked 
| 214|0x000000008d600000, 0x000000008d700000, 0x000000008d700000|100%| O|  |TAMS 0x000000008d600000| PB 0x000000008d600000| Untracked 
| 215|0x000000008d700000, 0x000000008d800000, 0x000000008d800000|100%| O|  |TAMS 0x000000008d700000| PB 0x000000008d700000| Untracked 
| 216|0x000000008d800000, 0x000000008d900000, 0x000000008d900000|100%| O|  |TAMS 0x000000008d800000| PB 0x000000008d800000| Untracked 
| 217|0x000000008d900000, 0x000000008da00000, 0x000000008da00000|100%| O|  |TAMS 0x000000008d900000| PB 0x000000008d900000| Untracked 
| 218|0x000000008da00000, 0x000000008db00000, 0x000000008db00000|100%| O|  |TAMS 0x000000008da00000| PB 0x000000008da00000| Untracked 
| 219|0x000000008db00000, 0x000000008dc00000, 0x000000008dc00000|100%| O|  |TAMS 0x000000008db00000| PB 0x000000008db00000| Untracked 
| 220|0x000000008dc00000, 0x000000008dd00000, 0x000000008dd00000|100%| O|  |TAMS 0x000000008dc00000| PB 0x000000008dc00000| Untracked 
| 221|0x000000008dd00000, 0x000000008de00000, 0x000000008de00000|100%| O|  |TAMS 0x000000008dd00000| PB 0x000000008dd00000| Untracked 
| 222|0x000000008de00000, 0x000000008de00000, 0x000000008df00000|  0%| F|  |TAMS 0x000000008de00000| PB 0x000000008de00000| Untracked 
| 223|0x000000008df00000, 0x000000008e000000, 0x000000008e000000|100%| O|  |TAMS 0x000000008df00000| PB 0x000000008df00000| Untracked 
| 224|0x000000008e000000, 0x000000008e000000, 0x000000008e100000|  0%| F|  |TAMS 0x000000008e000000| PB 0x000000008e000000| Untracked 
| 225|0x000000008e100000, 0x000000008e200000, 0x000000008e200000|100%| O|  |TAMS 0x000000008e100000| PB 0x000000008e100000| Untracked 
| 226|0x000000008e200000, 0x000000008e300000, 0x000000008e300000|100%| O|  |TAMS 0x000000008e200000| PB 0x000000008e200000| Untracked 
| 227|0x000000008e300000, 0x000000008e400000, 0x000000008e400000|100%| O|  |TAMS 0x000000008e300000| PB 0x000000008e300000| Untracked 
| 228|0x000000008e400000, 0x000000008e500000, 0x000000008e500000|100%| O|  |TAMS 0x000000008e400000| PB 0x000000008e400000| Untracked 
| 229|0x000000008e500000, 0x000000008e600000, 0x000000008e600000|100%| O|  |TAMS 0x000000008e500000| PB 0x000000008e500000| Untracked 
| 230|0x000000008e600000, 0x000000008e700000, 0x000000008e700000|100%| O|  |TAMS 0x000000008e600000| PB 0x000000008e600000| Untracked 
| 231|0x000000008e700000, 0x000000008e800000, 0x000000008e800000|100%| O|  |TAMS 0x000000008e700000| PB 0x000000008e700000| Untracked 
| 232|0x000000008e800000, 0x000000008e900000, 0x000000008e900000|100%| O|  |TAMS 0x000000008e800000| PB 0x000000008e800000| Untracked 
| 233|0x000000008e900000, 0x000000008ea00000, 0x000000008ea00000|100%| O|  |TAMS 0x000000008e900000| PB 0x000000008e900000| Untracked 
| 234|0x000000008ea00000, 0x000000008eb00000, 0x000000008eb00000|100%| O|  |TAMS 0x000000008ea00000| PB 0x000000008ea00000| Untracked 
| 235|0x000000008eb00000, 0x000000008ec00000, 0x000000008ec00000|100%| O|  |TAMS 0x000000008eb00000| PB 0x000000008eb00000| Untracked 
| 236|0x000000008ec00000, 0x000000008ed00000, 0x000000008ed00000|100%| O|  |TAMS 0x000000008ec00000| PB 0x000000008ec00000| Untracked 
| 237|0x000000008ed00000, 0x000000008ee00000, 0x000000008ee00000|100%| O|  |TAMS 0x000000008ed00000| PB 0x000000008ed00000| Untracked 
| 238|0x000000008ee00000, 0x000000008ee00000, 0x000000008ef00000|  0%| F|  |TAMS 0x000000008ee00000| PB 0x000000008ee00000| Untracked 
| 239|0x000000008ef00000, 0x000000008f000000, 0x000000008f000000|100%| O|  |TAMS 0x000000008ef00000| PB 0x000000008ef00000| Untracked 
| 240|0x000000008f000000, 0x000000008f100000, 0x000000008f100000|100%| O|  |TAMS 0x000000008f000000| PB 0x000000008f000000| Untracked 
| 241|0x000000008f100000, 0x000000008f200000, 0x000000008f200000|100%| O|  |TAMS 0x000000008f100000| PB 0x000000008f100000| Untracked 
| 242|0x000000008f200000, 0x000000008f300000, 0x000000008f300000|100%| O|  |TAMS 0x000000008f200000| PB 0x000000008f200000| Untracked 
| 243|0x000000008f300000, 0x000000008f400000, 0x000000008f400000|100%| O|  |TAMS 0x000000008f300000| PB 0x000000008f300000| Untracked 
| 244|0x000000008f400000, 0x000000008f500000, 0x000000008f500000|100%| O|  |TAMS 0x000000008f400000| PB 0x000000008f400000| Untracked 
| 245|0x000000008f500000, 0x000000008f600000, 0x000000008f600000|100%| O|  |TAMS 0x000000008f500000| PB 0x000000008f500000| Untracked 
| 246|0x000000008f600000, 0x000000008f700000, 0x000000008f700000|100%| O|  |TAMS 0x000000008f600000| PB 0x000000008f600000| Untracked 
| 247|0x000000008f700000, 0x000000008f800000, 0x000000008f800000|100%| O|  |TAMS 0x000000008f700000| PB 0x000000008f700000| Untracked 
| 248|0x000000008f800000, 0x000000008f900000, 0x000000008f900000|100%| O|  |TAMS 0x000000008f800000| PB 0x000000008f800000| Untracked 
| 249|0x000000008f900000, 0x000000008fa00000, 0x000000008fa00000|100%| O|  |TAMS 0x000000008f900000| PB 0x000000008f900000| Untracked 
| 250|0x000000008fa00000, 0x000000008fb00000, 0x000000008fb00000|100%| O|  |TAMS 0x000000008fa00000| PB 0x000000008fa00000| Untracked 
| 251|0x000000008fb00000, 0x000000008fc00000, 0x000000008fc00000|100%| O|  |TAMS 0x000000008fb00000| PB 0x000000008fb00000| Untracked 
| 252|0x000000008fc00000, 0x000000008fd00000, 0x000000008fd00000|100%| O|  |TAMS 0x000000008fc00000| PB 0x000000008fc00000| Untracked 
| 253|0x000000008fd00000, 0x000000008fe00000, 0x000000008fe00000|100%| O|  |TAMS 0x000000008fd00000| PB 0x000000008fd00000| Untracked 
| 254|0x000000008fe00000, 0x000000008ff00000, 0x000000008ff00000|100%| O|  |TAMS 0x000000008fe00000| PB 0x000000008fe00000| Untracked 
| 255|0x000000008ff00000, 0x0000000090000000, 0x0000000090000000|100%| O|  |TAMS 0x000000008ff00000| PB 0x000000008ff00000| Untracked 
| 256|0x0000000090000000, 0x0000000090100000, 0x0000000090100000|100%| O|  |TAMS 0x0000000090000000| PB 0x0000000090000000| Untracked 
| 257|0x0000000090100000, 0x0000000090200000, 0x0000000090200000|100%| O|  |TAMS 0x0000000090100000| PB 0x0000000090100000| Untracked 
| 258|0x0000000090200000, 0x0000000090300000, 0x0000000090300000|100%| O|  |TAMS 0x0000000090200000| PB 0x0000000090200000| Untracked 
| 259|0x0000000090300000, 0x0000000090400000, 0x0000000090400000|100%| O|  |TAMS 0x0000000090300000| PB 0x0000000090300000| Untracked 
| 260|0x0000000090400000, 0x0000000090500000, 0x0000000090500000|100%| O|  |TAMS 0x0000000090400000| PB 0x0000000090400000| Untracked 
| 261|0x0000000090500000, 0x0000000090600000, 0x0000000090600000|100%| O|  |TAMS 0x0000000090500000| PB 0x0000000090500000| Untracked 
| 262|0x0000000090600000, 0x0000000090700000, 0x0000000090700000|100%| O|  |TAMS 0x0000000090600000| PB 0x0000000090600000| Untracked 
| 263|0x0000000090700000, 0x0000000090800000, 0x0000000090800000|100%| O|  |TAMS 0x0000000090700000| PB 0x0000000090700000| Untracked 
| 264|0x0000000090800000, 0x00000000908eeb00, 0x0000000090900000| 93%| O|  |TAMS 0x0000000090800000| PB 0x0000000090800000| Untracked 
| 265|0x0000000090900000, 0x0000000090900000, 0x0000000090a00000|  0%| F|  |TAMS 0x0000000090900000| PB 0x0000000090900000| Untracked 
| 266|0x0000000090a00000, 0x0000000090a00000, 0x0000000090b00000|  0%| F|  |TAMS 0x0000000090a00000| PB 0x0000000090a00000| Untracked 
| 267|0x0000000090b00000, 0x0000000090b00000, 0x0000000090c00000|  0%| F|  |TAMS 0x0000000090b00000| PB 0x0000000090b00000| Untracked 
| 268|0x0000000090c00000, 0x0000000090c00000, 0x0000000090d00000|  0%| F|  |TAMS 0x0000000090c00000| PB 0x0000000090c00000| Untracked 
| 269|0x0000000090d00000, 0x0000000090d00000, 0x0000000090e00000|  0%| F|  |TAMS 0x0000000090d00000| PB 0x0000000090d00000| Untracked 
| 270|0x0000000090e00000, 0x0000000090e00000, 0x0000000090f00000|  0%| F|  |TAMS 0x0000000090e00000| PB 0x0000000090e00000| Untracked 
| 271|0x0000000090f00000, 0x0000000090f00000, 0x0000000091000000|  0%| F|  |TAMS 0x0000000090f00000| PB 0x0000000090f00000| Untracked 
| 272|0x0000000091000000, 0x0000000091000000, 0x0000000091100000|  0%| F|  |TAMS 0x0000000091000000| PB 0x0000000091000000| Untracked 
| 273|0x0000000091100000, 0x0000000091100000, 0x0000000091200000|  0%| F|  |TAMS 0x0000000091100000| PB 0x0000000091100000| Untracked 
| 274|0x0000000091200000, 0x0000000091200000, 0x0000000091300000|  0%| F|  |TAMS 0x0000000091200000| PB 0x0000000091200000| Untracked 
| 275|0x0000000091300000, 0x0000000091300000, 0x0000000091400000|  0%| F|  |TAMS 0x0000000091300000| PB 0x0000000091300000| Untracked 
| 276|0x0000000091400000, 0x0000000091400000, 0x0000000091500000|  0%| F|  |TAMS 0x0000000091400000| PB 0x0000000091400000| Untracked 
| 277|0x0000000091500000, 0x0000000091500000, 0x0000000091600000|  0%| F|  |TAMS 0x0000000091500000| PB 0x0000000091500000| Untracked 
| 278|0x0000000091600000, 0x0000000091600000, 0x0000000091700000|  0%| F|  |TAMS 0x0000000091600000| PB 0x0000000091600000| Untracked 
| 279|0x0000000091700000, 0x0000000091700000, 0x0000000091800000|  0%| F|  |TAMS 0x0000000091700000| PB 0x0000000091700000| Untracked 
| 280|0x0000000091800000, 0x0000000091800000, 0x0000000091900000|  0%| F|  |TAMS 0x0000000091800000| PB 0x0000000091800000| Untracked 
| 281|0x0000000091900000, 0x0000000091900000, 0x0000000091a00000|  0%| F|  |TAMS 0x0000000091900000| PB 0x0000000091900000| Untracked 
| 282|0x0000000091a00000, 0x0000000091a00000, 0x0000000091b00000|  0%| F|  |TAMS 0x0000000091a00000| PB 0x0000000091a00000| Untracked 
| 283|0x0000000091b00000, 0x0000000091b00000, 0x0000000091c00000|  0%| F|  |TAMS 0x0000000091b00000| PB 0x0000000091b00000| Untracked 
| 284|0x0000000091c00000, 0x0000000091c00000, 0x0000000091d00000|  0%| F|  |TAMS 0x0000000091c00000| PB 0x0000000091c00000| Untracked 
| 285|0x0000000091d00000, 0x0000000091d00000, 0x0000000091e00000|  0%| F|  |TAMS 0x0000000091d00000| PB 0x0000000091d00000| Untracked 
| 286|0x0000000091e00000, 0x0000000091e00000, 0x0000000091f00000|  0%| F|  |TAMS 0x0000000091e00000| PB 0x0000000091e00000| Untracked 
| 287|0x0000000091f00000, 0x0000000091f00000, 0x0000000092000000|  0%| F|  |TAMS 0x0000000091f00000| PB 0x0000000091f00000| Untracked 
| 288|0x0000000092000000, 0x0000000092000000, 0x0000000092100000|  0%| F|  |TAMS 0x0000000092000000| PB 0x0000000092000000| Untracked 
| 289|0x0000000092100000, 0x0000000092100000, 0x0000000092200000|  0%| F|  |TAMS 0x0000000092100000| PB 0x0000000092100000| Untracked 
| 290|0x0000000092200000, 0x0000000092200000, 0x0000000092300000|  0%| F|  |TAMS 0x0000000092200000| PB 0x0000000092200000| Untracked 
| 291|0x0000000092300000, 0x0000000092300000, 0x0000000092400000|  0%| F|  |TAMS 0x0000000092300000| PB 0x0000000092300000| Untracked 
| 292|0x0000000092400000, 0x0000000092400000, 0x0000000092500000|  0%| F|  |TAMS 0x0000000092400000| PB 0x0000000092400000| Untracked 
| 293|0x0000000092500000, 0x0000000092500000, 0x0000000092600000|  0%| F|  |TAMS 0x0000000092500000| PB 0x0000000092500000| Untracked 
| 294|0x0000000092600000, 0x0000000092600000, 0x0000000092700000|  0%| F|  |TAMS 0x0000000092600000| PB 0x0000000092600000| Untracked 
| 295|0x0000000092700000, 0x0000000092700000, 0x0000000092800000|  0%| F|  |TAMS 0x0000000092700000| PB 0x0000000092700000| Untracked 
| 296|0x0000000092800000, 0x0000000092800000, 0x0000000092900000|  0%| F|  |TAMS 0x0000000092800000| PB 0x0000000092800000| Untracked 
| 297|0x0000000092900000, 0x0000000092900000, 0x0000000092a00000|  0%| F|  |TAMS 0x0000000092900000| PB 0x0000000092900000| Untracked 
| 298|0x0000000092a00000, 0x0000000092a00000, 0x0000000092b00000|  0%| F|  |TAMS 0x0000000092a00000| PB 0x0000000092a00000| Untracked 
| 299|0x0000000092b00000, 0x0000000092b00000, 0x0000000092c00000|  0%| F|  |TAMS 0x0000000092b00000| PB 0x0000000092b00000| Untracked 
| 300|0x0000000092c00000, 0x0000000092c00000, 0x0000000092d00000|  0%| F|  |TAMS 0x0000000092c00000| PB 0x0000000092c00000| Untracked 
| 301|0x0000000092d00000, 0x0000000092d00000, 0x0000000092e00000|  0%| F|  |TAMS 0x0000000092d00000| PB 0x0000000092d00000| Untracked 
| 302|0x0000000092e00000, 0x0000000092e00000, 0x0000000092f00000|  0%| F|  |TAMS 0x0000000092e00000| PB 0x0000000092e00000| Untracked 
| 303|0x0000000092f00000, 0x0000000092f00000, 0x0000000093000000|  0%| F|  |TAMS 0x0000000092f00000| PB 0x0000000092f00000| Untracked 
| 304|0x0000000093000000, 0x0000000093000000, 0x0000000093100000|  0%| F|  |TAMS 0x0000000093000000| PB 0x0000000093000000| Untracked 
| 305|0x0000000093100000, 0x0000000093100000, 0x0000000093200000|  0%| F|  |TAMS 0x0000000093100000| PB 0x0000000093100000| Untracked 
| 306|0x0000000093200000, 0x0000000093200000, 0x0000000093300000|  0%| F|  |TAMS 0x0000000093200000| PB 0x0000000093200000| Untracked 
| 307|0x0000000093300000, 0x0000000093300000, 0x0000000093400000|  0%| F|  |TAMS 0x0000000093300000| PB 0x0000000093300000| Untracked 
| 308|0x0000000093400000, 0x0000000093400000, 0x0000000093500000|  0%| F|  |TAMS 0x0000000093400000| PB 0x0000000093400000| Untracked 
| 309|0x0000000093500000, 0x0000000093500000, 0x0000000093600000|  0%| F|  |TAMS 0x0000000093500000| PB 0x0000000093500000| Untracked 
| 310|0x0000000093600000, 0x0000000093600000, 0x0000000093700000|  0%| F|  |TAMS 0x0000000093600000| PB 0x0000000093600000| Untracked 
| 311|0x0000000093700000, 0x0000000093700000, 0x0000000093800000|  0%| F|  |TAMS 0x0000000093700000| PB 0x0000000093700000| Untracked 
| 312|0x0000000093800000, 0x00000000938ba770, 0x0000000093900000| 72%| S|CS|TAMS 0x0000000093800000| PB 0x0000000093800000| Complete 
| 313|0x0000000093900000, 0x0000000093a00000, 0x0000000093a00000|100%| S|CS|TAMS 0x0000000093900000| PB 0x0000000093900000| Complete 
| 314|0x0000000093a00000, 0x0000000093b00000, 0x0000000093b00000|100%| S|CS|TAMS 0x0000000093a00000| PB 0x0000000093a00000| Complete 
| 315|0x0000000093b00000, 0x0000000093c00000, 0x0000000093c00000|100%| S|CS|TAMS 0x0000000093b00000| PB 0x0000000093b00000| Complete 
| 316|0x0000000093c00000, 0x0000000093d00000, 0x0000000093d00000|100%| S|CS|TAMS 0x0000000093c00000| PB 0x0000000093c00000| Complete 
| 317|0x0000000093d00000, 0x0000000093e00000, 0x0000000093e00000|100%| S|CS|TAMS 0x0000000093d00000| PB 0x0000000093d00000| Complete 
| 318|0x0000000093e00000, 0x0000000093f00000, 0x0000000093f00000|100%| S|CS|TAMS 0x0000000093e00000| PB 0x0000000093e00000| Complete 
| 319|0x0000000093f00000, 0x0000000094000000, 0x0000000094000000|100%| S|CS|TAMS 0x0000000093f00000| PB 0x0000000093f00000| Complete 
| 320|0x0000000094000000, 0x0000000094100000, 0x0000000094100000|100%| S|CS|TAMS 0x0000000094000000| PB 0x0000000094000000| Complete 
| 321|0x0000000094100000, 0x0000000094200000, 0x0000000094200000|100%| S|CS|TAMS 0x0000000094100000| PB 0x0000000094100000| Complete 
| 322|0x0000000094200000, 0x0000000094300000, 0x0000000094300000|100%| S|CS|TAMS 0x0000000094200000| PB 0x0000000094200000| Complete 
| 323|0x0000000094300000, 0x0000000094400000, 0x0000000094400000|100%| S|CS|TAMS 0x0000000094300000| PB 0x0000000094300000| Complete 
| 324|0x0000000094400000, 0x0000000094500000, 0x0000000094500000|100%| S|CS|TAMS 0x0000000094400000| PB 0x0000000094400000| Complete 
| 325|0x0000000094500000, 0x0000000094600000, 0x0000000094600000|100%| S|CS|TAMS 0x0000000094500000| PB 0x0000000094500000| Complete 
| 326|0x0000000094600000, 0x0000000094700000, 0x0000000094700000|100%| S|CS|TAMS 0x0000000094600000| PB 0x0000000094600000| Complete 
| 327|0x0000000094700000, 0x0000000094800000, 0x0000000094800000|100%| S|CS|TAMS 0x0000000094700000| PB 0x0000000094700000| Complete 
| 328|0x0000000094800000, 0x0000000094800000, 0x0000000094900000|  0%| F|  |TAMS 0x0000000094800000| PB 0x0000000094800000| Untracked 
| 329|0x0000000094900000, 0x0000000094900000, 0x0000000094a00000|  0%| F|  |TAMS 0x0000000094900000| PB 0x0000000094900000| Untracked 
| 330|0x0000000094a00000, 0x0000000094a00000, 0x0000000094b00000|  0%| F|  |TAMS 0x0000000094a00000| PB 0x0000000094a00000| Untracked 
| 331|0x0000000094b00000, 0x0000000094b00000, 0x0000000094c00000|  0%| F|  |TAMS 0x0000000094b00000| PB 0x0000000094b00000| Untracked 
| 332|0x0000000094c00000, 0x0000000094c00000, 0x0000000094d00000|  0%| F|  |TAMS 0x0000000094c00000| PB 0x0000000094c00000| Untracked 
| 333|0x0000000094d00000, 0x0000000094d00000, 0x0000000094e00000|  0%| F|  |TAMS 0x0000000094d00000| PB 0x0000000094d00000| Untracked 
| 334|0x0000000094e00000, 0x0000000094e00000, 0x0000000094f00000|  0%| F|  |TAMS 0x0000000094e00000| PB 0x0000000094e00000| Untracked 
| 335|0x0000000094f00000, 0x0000000094f00000, 0x0000000095000000|  0%| F|  |TAMS 0x0000000094f00000| PB 0x0000000094f00000| Untracked 
| 336|0x0000000095000000, 0x0000000095000000, 0x0000000095100000|  0%| F|  |TAMS 0x0000000095000000| PB 0x0000000095000000| Untracked 
| 337|0x0000000095100000, 0x0000000095100000, 0x0000000095200000|  0%| F|  |TAMS 0x0000000095100000| PB 0x0000000095100000| Untracked 
| 338|0x0000000095200000, 0x0000000095200000, 0x0000000095300000|  0%| F|  |TAMS 0x0000000095200000| PB 0x0000000095200000| Untracked 
| 339|0x0000000095300000, 0x0000000095300000, 0x0000000095400000|  0%| F|  |TAMS 0x0000000095300000| PB 0x0000000095300000| Untracked 
| 340|0x0000000095400000, 0x0000000095400000, 0x0000000095500000|  0%| F|  |TAMS 0x0000000095400000| PB 0x0000000095400000| Untracked 
| 341|0x0000000095500000, 0x0000000095500000, 0x0000000095600000|  0%| F|  |TAMS 0x0000000095500000| PB 0x0000000095500000| Untracked 
| 342|0x0000000095600000, 0x0000000095600000, 0x0000000095700000|  0%| F|  |TAMS 0x0000000095600000| PB 0x0000000095600000| Untracked 
| 343|0x0000000095700000, 0x0000000095700000, 0x0000000095800000|  0%| F|  |TAMS 0x0000000095700000| PB 0x0000000095700000| Untracked 
| 344|0x0000000095800000, 0x0000000095800000, 0x0000000095900000|  0%| F|  |TAMS 0x0000000095800000| PB 0x0000000095800000| Untracked 
| 345|0x0000000095900000, 0x0000000095900000, 0x0000000095a00000|  0%| F|  |TAMS 0x0000000095900000| PB 0x0000000095900000| Untracked 
| 346|0x0000000095a00000, 0x0000000095a00000, 0x0000000095b00000|  0%| F|  |TAMS 0x0000000095a00000| PB 0x0000000095a00000| Untracked 
| 347|0x0000000095b00000, 0x0000000095b00000, 0x0000000095c00000|  0%| F|  |TAMS 0x0000000095b00000| PB 0x0000000095b00000| Untracked 
| 348|0x0000000095c00000, 0x0000000095c00000, 0x0000000095d00000|  0%| F|  |TAMS 0x0000000095c00000| PB 0x0000000095c00000| Untracked 
| 349|0x0000000095d00000, 0x0000000095d00000, 0x0000000095e00000|  0%| F|  |TAMS 0x0000000095d00000| PB 0x0000000095d00000| Untracked 
| 350|0x0000000095e00000, 0x0000000095e00000, 0x0000000095f00000|  0%| F|  |TAMS 0x0000000095e00000| PB 0x0000000095e00000| Untracked 
| 351|0x0000000095f00000, 0x0000000095f00000, 0x0000000096000000|  0%| F|  |TAMS 0x0000000095f00000| PB 0x0000000095f00000| Untracked 
| 352|0x0000000096000000, 0x0000000096000000, 0x0000000096100000|  0%| F|  |TAMS 0x0000000096000000| PB 0x0000000096000000| Untracked 
| 353|0x0000000096100000, 0x0000000096100000, 0x0000000096200000|  0%| F|  |TAMS 0x0000000096100000| PB 0x0000000096100000| Untracked 
| 354|0x0000000096200000, 0x0000000096200000, 0x0000000096300000|  0%| F|  |TAMS 0x0000000096200000| PB 0x0000000096200000| Untracked 
| 355|0x0000000096300000, 0x0000000096300000, 0x0000000096400000|  0%| F|  |TAMS 0x0000000096300000| PB 0x0000000096300000| Untracked 
| 356|0x0000000096400000, 0x0000000096400000, 0x0000000096500000|  0%| F|  |TAMS 0x0000000096400000| PB 0x0000000096400000| Untracked 
| 357|0x0000000096500000, 0x0000000096500000, 0x0000000096600000|  0%| F|  |TAMS 0x0000000096500000| PB 0x0000000096500000| Untracked 
| 358|0x0000000096600000, 0x0000000096600000, 0x0000000096700000|  0%| F|  |TAMS 0x0000000096600000| PB 0x0000000096600000| Untracked 
| 359|0x0000000096700000, 0x0000000096700000, 0x0000000096800000|  0%| F|  |TAMS 0x0000000096700000| PB 0x0000000096700000| Untracked 
| 360|0x0000000096800000, 0x0000000096800000, 0x0000000096900000|  0%| F|  |TAMS 0x0000000096800000| PB 0x0000000096800000| Untracked 
| 361|0x0000000096900000, 0x0000000096900000, 0x0000000096a00000|  0%| F|  |TAMS 0x0000000096900000| PB 0x0000000096900000| Untracked 
| 362|0x0000000096a00000, 0x0000000096a00000, 0x0000000096b00000|  0%| F|  |TAMS 0x0000000096a00000| PB 0x0000000096a00000| Untracked 
| 363|0x0000000096b00000, 0x0000000096b00000, 0x0000000096c00000|  0%| F|  |TAMS 0x0000000096b00000| PB 0x0000000096b00000| Untracked 
| 364|0x0000000096c00000, 0x0000000096c00000, 0x0000000096d00000|  0%| F|  |TAMS 0x0000000096c00000| PB 0x0000000096c00000| Untracked 
| 365|0x0000000096d00000, 0x0000000096d00000, 0x0000000096e00000|  0%| F|  |TAMS 0x0000000096d00000| PB 0x0000000096d00000| Untracked 
| 366|0x0000000096e00000, 0x0000000096e00000, 0x0000000096f00000|  0%| F|  |TAMS 0x0000000096e00000| PB 0x0000000096e00000| Untracked 
| 367|0x0000000096f00000, 0x0000000096f00000, 0x0000000097000000|  0%| F|  |TAMS 0x0000000096f00000| PB 0x0000000096f00000| Untracked 
| 368|0x0000000097000000, 0x0000000097000000, 0x0000000097100000|  0%| F|  |TAMS 0x0000000097000000| PB 0x0000000097000000| Untracked 
| 369|0x0000000097100000, 0x0000000097100000, 0x0000000097200000|  0%| F|  |TAMS 0x0000000097100000| PB 0x0000000097100000| Untracked 
| 370|0x0000000097200000, 0x0000000097200000, 0x0000000097300000|  0%| F|  |TAMS 0x0000000097200000| PB 0x0000000097200000| Untracked 
| 371|0x0000000097300000, 0x0000000097300000, 0x0000000097400000|  0%| F|  |TAMS 0x0000000097300000| PB 0x0000000097300000| Untracked 
| 372|0x0000000097400000, 0x0000000097400000, 0x0000000097500000|  0%| F|  |TAMS 0x0000000097400000| PB 0x0000000097400000| Untracked 
| 373|0x0000000097500000, 0x0000000097500000, 0x0000000097600000|  0%| F|  |TAMS 0x0000000097500000| PB 0x0000000097500000| Untracked 
| 374|0x0000000097600000, 0x0000000097600000, 0x0000000097700000|  0%| F|  |TAMS 0x0000000097600000| PB 0x0000000097600000| Untracked 
| 375|0x0000000097700000, 0x0000000097700000, 0x0000000097800000|  0%| F|  |TAMS 0x0000000097700000| PB 0x0000000097700000| Untracked 
| 376|0x0000000097800000, 0x0000000097800000, 0x0000000097900000|  0%| F|  |TAMS 0x0000000097800000| PB 0x0000000097800000| Untracked 
| 377|0x0000000097900000, 0x0000000097900000, 0x0000000097a00000|  0%| F|  |TAMS 0x0000000097900000| PB 0x0000000097900000| Untracked 
| 378|0x0000000097a00000, 0x0000000097a00000, 0x0000000097b00000|  0%| F|  |TAMS 0x0000000097a00000| PB 0x0000000097a00000| Untracked 
| 379|0x0000000097b00000, 0x0000000097b00000, 0x0000000097c00000|  0%| F|  |TAMS 0x0000000097b00000| PB 0x0000000097b00000| Untracked 
| 380|0x0000000097c00000, 0x0000000097c00000, 0x0000000097d00000|  0%| F|  |TAMS 0x0000000097c00000| PB 0x0000000097c00000| Untracked 
| 381|0x0000000097d00000, 0x0000000097d00000, 0x0000000097e00000|  0%| F|  |TAMS 0x0000000097d00000| PB 0x0000000097d00000| Untracked 
| 382|0x0000000097e00000, 0x0000000097e00000, 0x0000000097f00000|  0%| F|  |TAMS 0x0000000097e00000| PB 0x0000000097e00000| Untracked 
| 383|0x0000000097f00000, 0x0000000097f00000, 0x0000000098000000|  0%| F|  |TAMS 0x0000000097f00000| PB 0x0000000097f00000| Untracked 
| 384|0x0000000098000000, 0x0000000098000000, 0x0000000098100000|  0%| F|  |TAMS 0x0000000098000000| PB 0x0000000098000000| Untracked 
| 385|0x0000000098100000, 0x0000000098100000, 0x0000000098200000|  0%| F|  |TAMS 0x0000000098100000| PB 0x0000000098100000| Untracked 
| 386|0x0000000098200000, 0x0000000098200000, 0x0000000098300000|  0%| F|  |TAMS 0x0000000098200000| PB 0x0000000098200000| Untracked 
| 387|0x0000000098300000, 0x0000000098300000, 0x0000000098400000|  0%| F|  |TAMS 0x0000000098300000| PB 0x0000000098300000| Untracked 
| 388|0x0000000098400000, 0x0000000098400000, 0x0000000098500000|  0%| F|  |TAMS 0x0000000098400000| PB 0x0000000098400000| Untracked 
| 389|0x0000000098500000, 0x0000000098500000, 0x0000000098600000|  0%| F|  |TAMS 0x0000000098500000| PB 0x0000000098500000| Untracked 
| 390|0x0000000098600000, 0x0000000098600000, 0x0000000098700000|  0%| F|  |TAMS 0x0000000098600000| PB 0x0000000098600000| Untracked 
| 391|0x0000000098700000, 0x0000000098700000, 0x0000000098800000|  0%| F|  |TAMS 0x0000000098700000| PB 0x0000000098700000| Untracked 
| 392|0x0000000098800000, 0x0000000098800000, 0x0000000098900000|  0%| F|  |TAMS 0x0000000098800000| PB 0x0000000098800000| Untracked 
| 393|0x0000000098900000, 0x0000000098900000, 0x0000000098a00000|  0%| F|  |TAMS 0x0000000098900000| PB 0x0000000098900000| Untracked 
| 394|0x0000000098a00000, 0x0000000098a00000, 0x0000000098b00000|  0%| F|  |TAMS 0x0000000098a00000| PB 0x0000000098a00000| Untracked 
| 395|0x0000000098b00000, 0x0000000098b00000, 0x0000000098c00000|  0%| F|  |TAMS 0x0000000098b00000| PB 0x0000000098b00000| Untracked 
| 396|0x0000000098c00000, 0x0000000098c00000, 0x0000000098d00000|  0%| F|  |TAMS 0x0000000098c00000| PB 0x0000000098c00000| Untracked 
| 397|0x0000000098d00000, 0x0000000098d00000, 0x0000000098e00000|  0%| F|  |TAMS 0x0000000098d00000| PB 0x0000000098d00000| Untracked 
| 398|0x0000000098e00000, 0x0000000098e00000, 0x0000000098f00000|  0%| F|  |TAMS 0x0000000098e00000| PB 0x0000000098e00000| Untracked 
| 399|0x0000000098f00000, 0x0000000098f00000, 0x0000000099000000|  0%| F|  |TAMS 0x0000000098f00000| PB 0x0000000098f00000| Untracked 
| 400|0x0000000099000000, 0x0000000099000000, 0x0000000099100000|  0%| F|  |TAMS 0x0000000099000000| PB 0x0000000099000000| Untracked 
| 401|0x0000000099100000, 0x0000000099100000, 0x0000000099200000|  0%| F|  |TAMS 0x0000000099100000| PB 0x0000000099100000| Untracked 
| 402|0x0000000099200000, 0x0000000099200000, 0x0000000099300000|  0%| F|  |TAMS 0x0000000099200000| PB 0x0000000099200000| Untracked 
| 403|0x0000000099300000, 0x0000000099300000, 0x0000000099400000|  0%| F|  |TAMS 0x0000000099300000| PB 0x0000000099300000| Untracked 
| 404|0x0000000099400000, 0x0000000099400000, 0x0000000099500000|  0%| F|  |TAMS 0x0000000099400000| PB 0x0000000099400000| Untracked 
| 405|0x0000000099500000, 0x0000000099500000, 0x0000000099600000|  0%| F|  |TAMS 0x0000000099500000| PB 0x0000000099500000| Untracked 
| 406|0x0000000099600000, 0x0000000099600000, 0x0000000099700000|  0%| F|  |TAMS 0x0000000099600000| PB 0x0000000099600000| Untracked 
| 407|0x0000000099700000, 0x0000000099700000, 0x0000000099800000|  0%| F|  |TAMS 0x0000000099700000| PB 0x0000000099700000| Untracked 
| 408|0x0000000099800000, 0x0000000099800000, 0x0000000099900000|  0%| F|  |TAMS 0x0000000099800000| PB 0x0000000099800000| Untracked 
| 409|0x0000000099900000, 0x0000000099900000, 0x0000000099a00000|  0%| F|  |TAMS 0x0000000099900000| PB 0x0000000099900000| Untracked 
| 410|0x0000000099a00000, 0x0000000099a00000, 0x0000000099b00000|  0%| F|  |TAMS 0x0000000099a00000| PB 0x0000000099a00000| Untracked 
| 411|0x0000000099b00000, 0x0000000099b00000, 0x0000000099c00000|  0%| F|  |TAMS 0x0000000099b00000| PB 0x0000000099b00000| Untracked 
| 412|0x0000000099c00000, 0x0000000099c00000, 0x0000000099d00000|  0%| F|  |TAMS 0x0000000099c00000| PB 0x0000000099c00000| Untracked 
| 413|0x0000000099d00000, 0x0000000099d00000, 0x0000000099e00000|  0%| F|  |TAMS 0x0000000099d00000| PB 0x0000000099d00000| Untracked 
| 414|0x0000000099e00000, 0x0000000099e00000, 0x0000000099f00000|  0%| F|  |TAMS 0x0000000099e00000| PB 0x0000000099e00000| Untracked 
| 415|0x0000000099f00000, 0x0000000099f00000, 0x000000009a000000|  0%| F|  |TAMS 0x0000000099f00000| PB 0x0000000099f00000| Untracked 
| 416|0x000000009a000000, 0x000000009a000000, 0x000000009a100000|  0%| F|  |TAMS 0x000000009a000000| PB 0x000000009a000000| Untracked 
| 417|0x000000009a100000, 0x000000009a100000, 0x000000009a200000|  0%| F|  |TAMS 0x000000009a100000| PB 0x000000009a100000| Untracked 
| 418|0x000000009a200000, 0x000000009a200000, 0x000000009a300000|  0%| F|  |TAMS 0x000000009a200000| PB 0x000000009a200000| Untracked 
| 419|0x000000009a300000, 0x000000009a300000, 0x000000009a400000|  0%| F|  |TAMS 0x000000009a300000| PB 0x000000009a300000| Untracked 
| 420|0x000000009a400000, 0x000000009a400000, 0x000000009a500000|  0%| F|  |TAMS 0x000000009a400000| PB 0x000000009a400000| Untracked 
| 421|0x000000009a500000, 0x000000009a500000, 0x000000009a600000|  0%| F|  |TAMS 0x000000009a500000| PB 0x000000009a500000| Untracked 
| 422|0x000000009a600000, 0x000000009a600000, 0x000000009a700000|  0%| F|  |TAMS 0x000000009a600000| PB 0x000000009a600000| Untracked 
| 423|0x000000009a700000, 0x000000009a700000, 0x000000009a800000|  0%| F|  |TAMS 0x000000009a700000| PB 0x000000009a700000| Untracked 
| 424|0x000000009a800000, 0x000000009a800000, 0x000000009a900000|  0%| F|  |TAMS 0x000000009a800000| PB 0x000000009a800000| Untracked 
| 425|0x000000009a900000, 0x000000009a900000, 0x000000009aa00000|  0%| F|  |TAMS 0x000000009a900000| PB 0x000000009a900000| Untracked 
| 426|0x000000009aa00000, 0x000000009aa00000, 0x000000009ab00000|  0%| F|  |TAMS 0x000000009aa00000| PB 0x000000009aa00000| Untracked 
| 427|0x000000009ab00000, 0x000000009ab00000, 0x000000009ac00000|  0%| F|  |TAMS 0x000000009ab00000| PB 0x000000009ab00000| Untracked 
| 428|0x000000009ac00000, 0x000000009ac00000, 0x000000009ad00000|  0%| F|  |TAMS 0x000000009ac00000| PB 0x000000009ac00000| Untracked 
| 429|0x000000009ad00000, 0x000000009ad00000, 0x000000009ae00000|  0%| F|  |TAMS 0x000000009ad00000| PB 0x000000009ad00000| Untracked 
| 430|0x000000009ae00000, 0x000000009ae00000, 0x000000009af00000|  0%| F|  |TAMS 0x000000009ae00000| PB 0x000000009ae00000| Untracked 
| 431|0x000000009af00000, 0x000000009af00000, 0x000000009b000000|  0%| F|  |TAMS 0x000000009af00000| PB 0x000000009af00000| Untracked 
| 432|0x000000009b000000, 0x000000009b000000, 0x000000009b100000|  0%| F|  |TAMS 0x000000009b000000| PB 0x000000009b000000| Untracked 
| 433|0x000000009b100000, 0x000000009b100000, 0x000000009b200000|  0%| F|  |TAMS 0x000000009b100000| PB 0x000000009b100000| Untracked 
| 434|0x000000009b200000, 0x000000009b200000, 0x000000009b300000|  0%| F|  |TAMS 0x000000009b200000| PB 0x000000009b200000| Untracked 
| 435|0x000000009b300000, 0x000000009b300000, 0x000000009b400000|  0%| F|  |TAMS 0x000000009b300000| PB 0x000000009b300000| Untracked 
| 436|0x000000009b400000, 0x000000009b400000, 0x000000009b500000|  0%| F|  |TAMS 0x000000009b400000| PB 0x000000009b400000| Untracked 
| 437|0x000000009b500000, 0x000000009b500000, 0x000000009b600000|  0%| F|  |TAMS 0x000000009b500000| PB 0x000000009b500000| Untracked 
| 438|0x000000009b600000, 0x000000009b600000, 0x000000009b700000|  0%| F|  |TAMS 0x000000009b600000| PB 0x000000009b600000| Untracked 
| 439|0x000000009b700000, 0x000000009b700000, 0x000000009b800000|  0%| F|  |TAMS 0x000000009b700000| PB 0x000000009b700000| Untracked 
| 440|0x000000009b800000, 0x000000009b800000, 0x000000009b900000|  0%| F|  |TAMS 0x000000009b800000| PB 0x000000009b800000| Untracked 
| 441|0x000000009b900000, 0x000000009b900000, 0x000000009ba00000|  0%| F|  |TAMS 0x000000009b900000| PB 0x000000009b900000| Untracked 
| 442|0x000000009ba00000, 0x000000009ba00000, 0x000000009bb00000|  0%| F|  |TAMS 0x000000009ba00000| PB 0x000000009ba00000| Untracked 
| 443|0x000000009bb00000, 0x000000009bb00000, 0x000000009bc00000|  0%| F|  |TAMS 0x000000009bb00000| PB 0x000000009bb00000| Untracked 
| 444|0x000000009bc00000, 0x000000009bc00000, 0x000000009bd00000|  0%| F|  |TAMS 0x000000009bc00000| PB 0x000000009bc00000| Untracked 
| 445|0x000000009bd00000, 0x000000009bd00000, 0x000000009be00000|  0%| F|  |TAMS 0x000000009bd00000| PB 0x000000009bd00000| Untracked 
| 446|0x000000009be00000, 0x000000009be00000, 0x000000009bf00000|  0%| F|  |TAMS 0x000000009be00000| PB 0x000000009be00000| Untracked 
| 447|0x000000009bf00000, 0x000000009bf00000, 0x000000009c000000|  0%| F|  |TAMS 0x000000009bf00000| PB 0x000000009bf00000| Untracked 
| 448|0x000000009c000000, 0x000000009c000000, 0x000000009c100000|  0%| F|  |TAMS 0x000000009c000000| PB 0x000000009c000000| Untracked 
| 449|0x000000009c100000, 0x000000009c100000, 0x000000009c200000|  0%| F|  |TAMS 0x000000009c100000| PB 0x000000009c100000| Untracked 
| 450|0x000000009c200000, 0x000000009c200000, 0x000000009c300000|  0%| F|  |TAMS 0x000000009c200000| PB 0x000000009c200000| Untracked 
| 451|0x000000009c300000, 0x000000009c300000, 0x000000009c400000|  0%| F|  |TAMS 0x000000009c300000| PB 0x000000009c300000| Untracked 
| 452|0x000000009c400000, 0x000000009c400000, 0x000000009c500000|  0%| F|  |TAMS 0x000000009c400000| PB 0x000000009c400000| Untracked 
| 453|0x000000009c500000, 0x000000009c500000, 0x000000009c600000|  0%| F|  |TAMS 0x000000009c500000| PB 0x000000009c500000| Untracked 
| 454|0x000000009c600000, 0x000000009c600000, 0x000000009c700000|  0%| F|  |TAMS 0x000000009c600000| PB 0x000000009c600000| Untracked 
| 455|0x000000009c700000, 0x000000009c700000, 0x000000009c800000|  0%| F|  |TAMS 0x000000009c700000| PB 0x000000009c700000| Untracked 
| 456|0x000000009c800000, 0x000000009c800000, 0x000000009c900000|  0%| F|  |TAMS 0x000000009c800000| PB 0x000000009c800000| Untracked 
| 457|0x000000009c900000, 0x000000009c900000, 0x000000009ca00000|  0%| F|  |TAMS 0x000000009c900000| PB 0x000000009c900000| Untracked 
| 458|0x000000009ca00000, 0x000000009ca00000, 0x000000009cb00000|  0%| F|  |TAMS 0x000000009ca00000| PB 0x000000009ca00000| Untracked 
| 459|0x000000009cb00000, 0x000000009cb00000, 0x000000009cc00000|  0%| F|  |TAMS 0x000000009cb00000| PB 0x000000009cb00000| Untracked 
| 460|0x000000009cc00000, 0x000000009cc00000, 0x000000009cd00000|  0%| F|  |TAMS 0x000000009cc00000| PB 0x000000009cc00000| Untracked 
| 461|0x000000009cd00000, 0x000000009cd00000, 0x000000009ce00000|  0%| F|  |TAMS 0x000000009cd00000| PB 0x000000009cd00000| Untracked 
| 462|0x000000009ce00000, 0x000000009ce00000, 0x000000009cf00000|  0%| F|  |TAMS 0x000000009ce00000| PB 0x000000009ce00000| Untracked 
| 463|0x000000009cf00000, 0x000000009cf00000, 0x000000009d000000|  0%| F|  |TAMS 0x000000009cf00000| PB 0x000000009cf00000| Untracked 
| 464|0x000000009d000000, 0x000000009d000000, 0x000000009d100000|  0%| F|  |TAMS 0x000000009d000000| PB 0x000000009d000000| Untracked 
| 465|0x000000009d100000, 0x000000009d100000, 0x000000009d200000|  0%| F|  |TAMS 0x000000009d100000| PB 0x000000009d100000| Untracked 
| 466|0x000000009d200000, 0x000000009d200000, 0x000000009d300000|  0%| F|  |TAMS 0x000000009d200000| PB 0x000000009d200000| Untracked 
| 467|0x000000009d300000, 0x000000009d300000, 0x000000009d400000|  0%| F|  |TAMS 0x000000009d300000| PB 0x000000009d300000| Untracked 
| 468|0x000000009d400000, 0x000000009d400000, 0x000000009d500000|  0%| F|  |TAMS 0x000000009d400000| PB 0x000000009d400000| Untracked 
| 469|0x000000009d500000, 0x000000009d500000, 0x000000009d600000|  0%| F|  |TAMS 0x000000009d500000| PB 0x000000009d500000| Untracked 
| 470|0x000000009d600000, 0x000000009d600000, 0x000000009d700000|  0%| F|  |TAMS 0x000000009d600000| PB 0x000000009d600000| Untracked 
| 471|0x000000009d700000, 0x000000009d700000, 0x000000009d800000|  0%| F|  |TAMS 0x000000009d700000| PB 0x000000009d700000| Untracked 
| 472|0x000000009d800000, 0x000000009d800000, 0x000000009d900000|  0%| F|  |TAMS 0x000000009d800000| PB 0x000000009d800000| Untracked 
| 473|0x000000009d900000, 0x000000009d900000, 0x000000009da00000|  0%| F|  |TAMS 0x000000009d900000| PB 0x000000009d900000| Untracked 
| 474|0x000000009da00000, 0x000000009da00000, 0x000000009db00000|  0%| F|  |TAMS 0x000000009da00000| PB 0x000000009da00000| Untracked 
| 475|0x000000009db00000, 0x000000009db00000, 0x000000009dc00000|  0%| F|  |TAMS 0x000000009db00000| PB 0x000000009db00000| Untracked 
| 476|0x000000009dc00000, 0x000000009dc00000, 0x000000009dd00000|  0%| F|  |TAMS 0x000000009dc00000| PB 0x000000009dc00000| Untracked 
| 477|0x000000009dd00000, 0x000000009dd00000, 0x000000009de00000|  0%| F|  |TAMS 0x000000009dd00000| PB 0x000000009dd00000| Untracked 
| 478|0x000000009de00000, 0x000000009de00000, 0x000000009df00000|  0%| F|  |TAMS 0x000000009de00000| PB 0x000000009de00000| Untracked 
| 479|0x000000009df00000, 0x000000009df00000, 0x000000009e000000|  0%| F|  |TAMS 0x000000009df00000| PB 0x000000009df00000| Untracked 
| 480|0x000000009e000000, 0x000000009e000000, 0x000000009e100000|  0%| F|  |TAMS 0x000000009e000000| PB 0x000000009e000000| Untracked 
| 481|0x000000009e100000, 0x000000009e100000, 0x000000009e200000|  0%| F|  |TAMS 0x000000009e100000| PB 0x000000009e100000| Untracked 
| 482|0x000000009e200000, 0x000000009e200000, 0x000000009e300000|  0%| F|  |TAMS 0x000000009e200000| PB 0x000000009e200000| Untracked 
| 483|0x000000009e300000, 0x000000009e300000, 0x000000009e400000|  0%| F|  |TAMS 0x000000009e300000| PB 0x000000009e300000| Untracked 
| 484|0x000000009e400000, 0x000000009e400000, 0x000000009e500000|  0%| F|  |TAMS 0x000000009e400000| PB 0x000000009e400000| Untracked 
| 485|0x000000009e500000, 0x000000009e500000, 0x000000009e600000|  0%| F|  |TAMS 0x000000009e500000| PB 0x000000009e500000| Untracked 
| 486|0x000000009e600000, 0x000000009e600000, 0x000000009e700000|  0%| F|  |TAMS 0x000000009e600000| PB 0x000000009e600000| Untracked 
| 487|0x000000009e700000, 0x000000009e700000, 0x000000009e800000|  0%| F|  |TAMS 0x000000009e700000| PB 0x000000009e700000| Untracked 
| 488|0x000000009e800000, 0x000000009e800000, 0x000000009e900000|  0%| F|  |TAMS 0x000000009e800000| PB 0x000000009e800000| Untracked 
| 489|0x000000009e900000, 0x000000009e900000, 0x000000009ea00000|  0%| F|  |TAMS 0x000000009e900000| PB 0x000000009e900000| Untracked 
| 490|0x000000009ea00000, 0x000000009ea00000, 0x000000009eb00000|  0%| F|  |TAMS 0x000000009ea00000| PB 0x000000009ea00000| Untracked 
| 491|0x000000009eb00000, 0x000000009eb00000, 0x000000009ec00000|  0%| F|  |TAMS 0x000000009eb00000| PB 0x000000009eb00000| Untracked 
| 492|0x000000009ec00000, 0x000000009ec00000, 0x000000009ed00000|  0%| F|  |TAMS 0x000000009ec00000| PB 0x000000009ec00000| Untracked 
| 493|0x000000009ed00000, 0x000000009ed00000, 0x000000009ee00000|  0%| F|  |TAMS 0x000000009ed00000| PB 0x000000009ed00000| Untracked 
| 494|0x000000009ee00000, 0x000000009ee00000, 0x000000009ef00000|  0%| F|  |TAMS 0x000000009ee00000| PB 0x000000009ee00000| Untracked 
| 495|0x000000009ef00000, 0x000000009ef00000, 0x000000009f000000|  0%| F|  |TAMS 0x000000009ef00000| PB 0x000000009ef00000| Untracked 
| 496|0x000000009f000000, 0x000000009f000000, 0x000000009f100000|  0%| F|  |TAMS 0x000000009f000000| PB 0x000000009f000000| Untracked 
| 497|0x000000009f100000, 0x000000009f100000, 0x000000009f200000|  0%| F|  |TAMS 0x000000009f100000| PB 0x000000009f100000| Untracked 
| 498|0x000000009f200000, 0x000000009f200000, 0x000000009f300000|  0%| F|  |TAMS 0x000000009f200000| PB 0x000000009f200000| Untracked 
| 499|0x000000009f300000, 0x000000009f300000, 0x000000009f400000|  0%| F|  |TAMS 0x000000009f300000| PB 0x000000009f300000| Untracked 
| 500|0x000000009f400000, 0x000000009f400000, 0x000000009f500000|  0%| F|  |TAMS 0x000000009f400000| PB 0x000000009f400000| Untracked 
| 501|0x000000009f500000, 0x000000009f500000, 0x000000009f600000|  0%| F|  |TAMS 0x000000009f500000| PB 0x000000009f500000| Untracked 
| 502|0x000000009f600000, 0x000000009f600000, 0x000000009f700000|  0%| F|  |TAMS 0x000000009f600000| PB 0x000000009f600000| Untracked 
| 503|0x000000009f700000, 0x000000009f700000, 0x000000009f800000|  0%| F|  |TAMS 0x000000009f700000| PB 0x000000009f700000| Untracked 
| 504|0x000000009f800000, 0x000000009f800000, 0x000000009f900000|  0%| F|  |TAMS 0x000000009f800000| PB 0x000000009f800000| Untracked 
| 505|0x000000009f900000, 0x000000009f900000, 0x000000009fa00000|  0%| F|  |TAMS 0x000000009f900000| PB 0x000000009f900000| Untracked 
| 506|0x000000009fa00000, 0x000000009fa00000, 0x000000009fb00000|  0%| F|  |TAMS 0x000000009fa00000| PB 0x000000009fa00000| Untracked 
| 507|0x000000009fb00000, 0x000000009fb00000, 0x000000009fc00000|  0%| F|  |TAMS 0x000000009fb00000| PB 0x000000009fb00000| Untracked 
| 508|0x000000009fc00000, 0x000000009fc00000, 0x000000009fd00000|  0%| F|  |TAMS 0x000000009fc00000| PB 0x000000009fc00000| Untracked 
| 509|0x000000009fd00000, 0x000000009fd00000, 0x000000009fe00000|  0%| F|  |TAMS 0x000000009fd00000| PB 0x000000009fd00000| Untracked 
| 510|0x000000009fe00000, 0x000000009fe00000, 0x000000009ff00000|  0%| F|  |TAMS 0x000000009fe00000| PB 0x000000009fe00000| Untracked 
| 511|0x000000009ff00000, 0x000000009ff00000, 0x00000000a0000000|  0%| F|  |TAMS 0x000000009ff00000| PB 0x000000009ff00000| Untracked 
| 512|0x00000000a0000000, 0x00000000a0000000, 0x00000000a0100000|  0%| F|  |TAMS 0x00000000a0000000| PB 0x00000000a0000000| Untracked 
| 513|0x00000000a0100000, 0x00000000a0100000, 0x00000000a0200000|  0%| F|  |TAMS 0x00000000a0100000| PB 0x00000000a0100000| Untracked 
| 514|0x00000000a0200000, 0x00000000a0200000, 0x00000000a0300000|  0%| F|  |TAMS 0x00000000a0200000| PB 0x00000000a0200000| Untracked 
| 515|0x00000000a0300000, 0x00000000a0300000, 0x00000000a0400000|  0%| F|  |TAMS 0x00000000a0300000| PB 0x00000000a0300000| Untracked 
| 516|0x00000000a0400000, 0x00000000a0400000, 0x00000000a0500000|  0%| F|  |TAMS 0x00000000a0400000| PB 0x00000000a0400000| Untracked 
| 517|0x00000000a0500000, 0x00000000a0567e10, 0x00000000a0600000| 40%| E|  |TAMS 0x00000000a0500000| PB 0x00000000a0500000| Complete 
| 518|0x00000000a0600000, 0x00000000a0700000, 0x00000000a0700000|100%| E|CS|TAMS 0x00000000a0600000| PB 0x00000000a0600000| Complete 
| 519|0x00000000a0700000, 0x00000000a0800000, 0x00000000a0800000|100%| E|CS|TAMS 0x00000000a0700000| PB 0x00000000a0700000| Complete 
| 520|0x00000000a0800000, 0x00000000a0900000, 0x00000000a0900000|100%| E|CS|TAMS 0x00000000a0800000| PB 0x00000000a0800000| Complete 
| 521|0x00000000a0900000, 0x00000000a0a00000, 0x00000000a0a00000|100%| E|CS|TAMS 0x00000000a0900000| PB 0x00000000a0900000| Complete 
| 522|0x00000000a0a00000, 0x00000000a0b00000, 0x00000000a0b00000|100%| E|  |TAMS 0x00000000a0a00000| PB 0x00000000a0a00000| Complete 
| 523|0x00000000a0b00000, 0x00000000a0c00000, 0x00000000a0c00000|100%| E|CS|TAMS 0x00000000a0b00000| PB 0x00000000a0b00000| Complete 
| 524|0x00000000a0c00000, 0x00000000a0d00000, 0x00000000a0d00000|100%| E|CS|TAMS 0x00000000a0c00000| PB 0x00000000a0c00000| Complete 
| 525|0x00000000a0d00000, 0x00000000a0e00000, 0x00000000a0e00000|100%| E|CS|TAMS 0x00000000a0d00000| PB 0x00000000a0d00000| Complete 
| 526|0x00000000a0e00000, 0x00000000a0f00000, 0x00000000a0f00000|100%| E|CS|TAMS 0x00000000a0e00000| PB 0x00000000a0e00000| Complete 
| 527|0x00000000a0f00000, 0x00000000a1000000, 0x00000000a1000000|100%| E|CS|TAMS 0x00000000a0f00000| PB 0x00000000a0f00000| Complete 
| 528|0x00000000a1000000, 0x00000000a1100000, 0x00000000a1100000|100%| E|CS|TAMS 0x00000000a1000000| PB 0x00000000a1000000| Complete 
| 529|0x00000000a1100000, 0x00000000a1200000, 0x00000000a1200000|100%| E|CS|TAMS 0x00000000a1100000| PB 0x00000000a1100000| Complete 
| 530|0x00000000a1200000, 0x00000000a1300000, 0x00000000a1300000|100%| E|CS|TAMS 0x00000000a1200000| PB 0x00000000a1200000| Complete 
| 531|0x00000000a1300000, 0x00000000a1400000, 0x00000000a1400000|100%| E|CS|TAMS 0x00000000a1300000| PB 0x00000000a1300000| Complete 
| 532|0x00000000a1400000, 0x00000000a1500000, 0x00000000a1500000|100%| E|CS|TAMS 0x00000000a1400000| PB 0x00000000a1400000| Complete 
| 533|0x00000000a1500000, 0x00000000a1600000, 0x00000000a1600000|100%| E|CS|TAMS 0x00000000a1500000| PB 0x00000000a1500000| Complete 
| 534|0x00000000a1600000, 0x00000000a1700000, 0x00000000a1700000|100%| E|CS|TAMS 0x00000000a1600000| PB 0x00000000a1600000| Complete 
| 535|0x00000000a1700000, 0x00000000a1800000, 0x00000000a1800000|100%| E|CS|TAMS 0x00000000a1700000| PB 0x00000000a1700000| Complete 
| 536|0x00000000a1800000, 0x00000000a1900000, 0x00000000a1900000|100%| E|CS|TAMS 0x00000000a1800000| PB 0x00000000a1800000| Complete 
| 537|0x00000000a1900000, 0x00000000a1a00000, 0x00000000a1a00000|100%| E|CS|TAMS 0x00000000a1900000| PB 0x00000000a1900000| Complete 
| 538|0x00000000a1a00000, 0x00000000a1b00000, 0x00000000a1b00000|100%| E|CS|TAMS 0x00000000a1a00000| PB 0x00000000a1a00000| Complete 
| 539|0x00000000a1b00000, 0x00000000a1c00000, 0x00000000a1c00000|100%| E|CS|TAMS 0x00000000a1b00000| PB 0x00000000a1b00000| Complete 
| 540|0x00000000a1c00000, 0x00000000a1d00000, 0x00000000a1d00000|100%| E|CS|TAMS 0x00000000a1c00000| PB 0x00000000a1c00000| Complete 
| 541|0x00000000a1d00000, 0x00000000a1e00000, 0x00000000a1e00000|100%| E|CS|TAMS 0x00000000a1d00000| PB 0x00000000a1d00000| Complete 
| 542|0x00000000a1e00000, 0x00000000a1f00000, 0x00000000a1f00000|100%| E|CS|TAMS 0x00000000a1e00000| PB 0x00000000a1e00000| Complete 
| 543|0x00000000a1f00000, 0x00000000a2000000, 0x00000000a2000000|100%| E|CS|TAMS 0x00000000a1f00000| PB 0x00000000a1f00000| Complete 
| 544|0x00000000a2000000, 0x00000000a2100000, 0x00000000a2100000|100%| E|CS|TAMS 0x00000000a2000000| PB 0x00000000a2000000| Complete 
| 545|0x00000000a2100000, 0x00000000a2200000, 0x00000000a2200000|100%| E|CS|TAMS 0x00000000a2100000| PB 0x00000000a2100000| Complete 
| 546|0x00000000a2200000, 0x00000000a2300000, 0x00000000a2300000|100%| E|CS|TAMS 0x00000000a2200000| PB 0x00000000a2200000| Complete 
| 547|0x00000000a2300000, 0x00000000a2400000, 0x00000000a2400000|100%| E|CS|TAMS 0x00000000a2300000| PB 0x00000000a2300000| Complete 
| 548|0x00000000a2400000, 0x00000000a2500000, 0x00000000a2500000|100%| E|CS|TAMS 0x00000000a2400000| PB 0x00000000a2400000| Complete 
| 549|0x00000000a2500000, 0x00000000a2600000, 0x00000000a2600000|100%| E|CS|TAMS 0x00000000a2500000| PB 0x00000000a2500000| Complete 
| 550|0x00000000a2600000, 0x00000000a2700000, 0x00000000a2700000|100%| E|CS|TAMS 0x00000000a2600000| PB 0x00000000a2600000| Complete 
| 551|0x00000000a2700000, 0x00000000a2800000, 0x00000000a2800000|100%| E|CS|TAMS 0x00000000a2700000| PB 0x00000000a2700000| Complete 
| 552|0x00000000a2800000, 0x00000000a2900000, 0x00000000a2900000|100%| E|CS|TAMS 0x00000000a2800000| PB 0x00000000a2800000| Complete 
| 553|0x00000000a2900000, 0x00000000a2a00000, 0x00000000a2a00000|100%| E|CS|TAMS 0x00000000a2900000| PB 0x00000000a2900000| Complete 
| 554|0x00000000a2a00000, 0x00000000a2b00000, 0x00000000a2b00000|100%| E|CS|TAMS 0x00000000a2a00000| PB 0x00000000a2a00000| Complete 
| 555|0x00000000a2b00000, 0x00000000a2c00000, 0x00000000a2c00000|100%| E|CS|TAMS 0x00000000a2b00000| PB 0x00000000a2b00000| Complete 
| 556|0x00000000a2c00000, 0x00000000a2d00000, 0x00000000a2d00000|100%| E|CS|TAMS 0x00000000a2c00000| PB 0x00000000a2c00000| Complete 
| 557|0x00000000a2d00000, 0x00000000a2e00000, 0x00000000a2e00000|100%| E|CS|TAMS 0x00000000a2d00000| PB 0x00000000a2d00000| Complete 
| 558|0x00000000a2e00000, 0x00000000a2f00000, 0x00000000a2f00000|100%| E|CS|TAMS 0x00000000a2e00000| PB 0x00000000a2e00000| Complete 
| 559|0x00000000a2f00000, 0x00000000a3000000, 0x00000000a3000000|100%| E|CS|TAMS 0x00000000a2f00000| PB 0x00000000a2f00000| Complete 
| 560|0x00000000a3000000, 0x00000000a3100000, 0x00000000a3100000|100%| E|CS|TAMS 0x00000000a3000000| PB 0x00000000a3000000| Complete 
| 561|0x00000000a3100000, 0x00000000a3200000, 0x00000000a3200000|100%| E|CS|TAMS 0x00000000a3100000| PB 0x00000000a3100000| Complete 
| 562|0x00000000a3200000, 0x00000000a3300000, 0x00000000a3300000|100%| E|CS|TAMS 0x00000000a3200000| PB 0x00000000a3200000| Complete 
| 563|0x00000000a3300000, 0x00000000a3400000, 0x00000000a3400000|100%| E|CS|TAMS 0x00000000a3300000| PB 0x00000000a3300000| Complete 
| 564|0x00000000a3400000, 0x00000000a3500000, 0x00000000a3500000|100%| E|CS|TAMS 0x00000000a3400000| PB 0x00000000a3400000| Complete 
| 565|0x00000000a3500000, 0x00000000a3600000, 0x00000000a3600000|100%| E|CS|TAMS 0x00000000a3500000| PB 0x00000000a3500000| Complete 
| 566|0x00000000a3600000, 0x00000000a3700000, 0x00000000a3700000|100%| E|CS|TAMS 0x00000000a3600000| PB 0x00000000a3600000| Complete 
| 567|0x00000000a3700000, 0x00000000a3800000, 0x00000000a3800000|100%| E|CS|TAMS 0x00000000a3700000| PB 0x00000000a3700000| Complete 
| 568|0x00000000a3800000, 0x00000000a3900000, 0x00000000a3900000|100%| E|CS|TAMS 0x00000000a3800000| PB 0x00000000a3800000| Complete 
| 569|0x00000000a3900000, 0x00000000a3a00000, 0x00000000a3a00000|100%| E|CS|TAMS 0x00000000a3900000| PB 0x00000000a3900000| Complete 

Card table byte_map: [0x000002ae8f620000,0x000002ae8fa20000] _byte_map_base: 0x000002ae8f220000

Marking Bits: (CMBitMap*) 0x000002aef72e8880
 Bits: [0x000002ae8fa20000, 0x000002ae91a20000)

Polling page: 0x000002aef51d0000

Metaspace:

Usage:
  Non-class:    116.31 MB used.
      Class:     17.94 MB used.
       Both:    134.24 MB used.

Virtual space:
  Non-class space:      128.00 MB reserved,     117.88 MB ( 92%) committed,  2 nodes.
      Class space:      416.00 MB reserved,      19.38 MB (  5%) committed,  1 nodes.
             Both:      544.00 MB reserved,     137.25 MB ( 25%) committed. 

Chunk freelists:
   Non-Class:  9.75 MB
       Class:  12.58 MB
        Both:  22.33 MB

MaxMetaspaceSize: 512.00 MB
CompressedClassSpaceSize: 416.00 MB
Initial GC threshold: 21.00 MB
Current GC threshold: 211.56 MB
CDS: on
 - commit_granule_bytes: 65536.
 - commit_granule_words: 8192.
 - virtual_space_node_default_size: 8388608.
 - enlarge_chunks_in_place: 1.
 - use_allocation_guard: 0.


Internal statistics:

num_allocs_failed_limit: 6.
num_arena_births: 5040.
num_arena_deaths: 0.
num_vsnodes_births: 3.
num_vsnodes_deaths: 0.
num_space_committed: 2194.
num_space_uncommitted: 0.
num_chunks_returned_to_freelist: 6.
num_chunks_taken_from_freelist: 11729.
num_chunk_merges: 6.
num_chunk_splits: 7547.
num_chunks_enlarged: 4628.
num_inconsistent_stats: 0.

CodeHeap 'non-profiled nmethods': size=119168Kb used=17202Kb max_used=17202Kb free=101965Kb
 bounds [0x000002ae87ba0000, 0x000002ae88c70000, 0x000002ae8f000000]
CodeHeap 'profiled nmethods': size=119104Kb used=40863Kb max_used=40863Kb free=78240Kb
 bounds [0x000002ae80000000, 0x000002ae827f0000, 0x000002ae87450000]
CodeHeap 'non-nmethods': size=7488Kb used=3886Kb max_used=5039Kb free=3601Kb
 bounds [0x000002ae87450000, 0x000002ae87950000, 0x000002ae87ba0000]
 total_blobs=21830 nmethods=20749 adapters=983
 compilation: enabled
              stopped_count=0, restarted_count=0
 full_count=0

Compilation events (20 events):
Event: 2948.378 Thread 0x000002aec550f750 nmethod 25233 0x000002ae88c63210 code [0x000002ae88c633a0, 0x000002ae88c63468]
Event: 2948.379 Thread 0x000002ae949f9190 nmethod 25232 0x000002ae88c63510 code [0x000002ae88c636a0, 0x000002ae88c637b0]
Event: 2948.379 Thread 0x000002ae949f9190 25236       1       org.gradle.api.internal.artifacts.ivyservice.resolveengine.oldresult.ResolutionFailureCollector::start (6 bytes)
Event: 2948.379 Thread 0x000002aec550f750 25237       1       org.gradle.api.internal.artifacts.ivyservice.resolveengine.ComponentResolversChain::getArtifactResolver (5 bytes)
Event: 2948.380 Thread 0x000002ae949f9190 nmethod 25236 0x000002ae88c63810 code [0x000002ae88c639a0, 0x000002ae88c63ab0]
Event: 2948.380 Thread 0x000002ae949f9190 25238       1       org.gradle.api.internal.artifacts.ivyservice.ResolutionParameters::getConfigurationIdentity (5 bytes)
Event: 2948.380 Thread 0x000002aec550f750 nmethod 25237 0x000002ae88c63b10 code [0x000002ae88c63ca0, 0x000002ae88c63d68]
Event: 2948.380 Thread 0x000002ae949f9190 nmethod 25238 0x000002ae88c63e10 code [0x000002ae88c63fa0, 0x000002ae88c64068]
Event: 2948.386 Thread 0x000002aec550f750 25240       3       org.gradle.api.internal.attributes.AttributeDesugaring::lambda$desugar$0 (143 bytes)
Event: 2948.389 Thread 0x000002aec550f750 nmethod 25240 0x000002ae827dbc10 code [0x000002ae827dbec0, 0x000002ae827dcc50]
Event: 2948.390 Thread 0x000002aec550f750 25241       2       org.gradle.api.internal.artifacts.ivyservice.resolveengine.graph.builder.NodeState::isExcluded (97 bytes)
Event: 2948.400 Thread 0x000002aec550f750 nmethod 25241 0x000002ae827dd090 code [0x000002ae827dd2e0, 0x000002ae827dda00]
Event: 2948.407 Thread 0x000002aec550f750 25243       3       org.gradle.api.internal.artifacts.ivyservice.modulecache.StringDeduplicatingDecoder::readInt (10 bytes)
Event: 2948.407 Thread 0x000002aec550f750 nmethod 25243 0x000002ae827ddd10 code [0x000002ae827ddec0, 0x000002ae827de098]
Event: 2948.416 Thread 0x000002aec550f750 25244       3       org.gradle.api.internal.artifacts.ivyservice.ivyresolve.DefaultVersionedComponentChooser::isRejectedComponent (16 bytes)
Event: 2948.416 Thread 0x000002aec550f750 nmethod 25244 0x000002ae827de190 code [0x000002ae827de360, 0x000002ae827de600]
Event: 2948.416 Thread 0x000002aec550f750 25245       3       org.gradle.api.internal.artifacts.ivyservice.dependencysubstitution.DependencySubstitutionApplicator$$Lambda/0x000002ae96722170::apply (5 bytes)
Event: 2948.416 Thread 0x000002ae949f9190 25246       3       org.gradle.api.internal.artifacts.ivyservice.dependencysubstitution.DependencySubstitutionApplicator::lambda$static$0 (4 bytes)
Event: 2948.417 Thread 0x000002aec550f750 nmethod 25245 0x000002ae827de790 code [0x000002ae827de940, 0x000002ae827deab0]
Event: 2948.417 Thread 0x000002ae949f9190 nmethod 25246 0x000002ae827deb90 code [0x000002ae827ded20, 0x000002ae827dee18]

GC Heap History (20 events):
Event: 14.758 GC heap before
{Heap before GC invocations=60 (full 0):
 garbage-first heap   total 363520K, used 326808K [0x0000000080000000, 0x0000000100000000)
  region size 1024K, 120 young (122880K), 16 survivors (16384K)
 Metaspace       used 121656K, committed 124608K, reserved 557056K
  class space    used 16870K, committed 18304K, reserved 425984K
}
Event: 14.766 GC heap after
{Heap after GC invocations=61 (full 0):
 garbage-first heap   total 363520K, used 230305K [0x0000000080000000, 0x0000000100000000)
  region size 1024K, 12 young (12288K), 12 survivors (12288K)
 Metaspace       used 121656K, committed 124608K, reserved 557056K
  class space    used 16870K, committed 18304K, reserved 425984K
}
Event: 15.371 GC heap before
{Heap before GC invocations=61 (full 0):
 garbage-first heap   total 363520K, used 331681K [0x0000000080000000, 0x0000000100000000)
  region size 1024K, 111 young (113664K), 12 survivors (12288K)
 Metaspace       used 123201K, committed 126144K, reserved 557056K
  class space    used 17028K, committed 18432K, reserved 425984K
}
Event: 15.379 GC heap after
{Heap after GC invocations=62 (full 0):
 garbage-first heap   total 363520K, used 244727K [0x0000000080000000, 0x0000000100000000)
  region size 1024K, 14 young (14336K), 14 survivors (14336K)
 Metaspace       used 123201K, committed 126144K, reserved 557056K
  class space    used 17028K, committed 18432K, reserved 425984K
}
Event: 15.971 GC heap before
{Heap before GC invocations=63 (full 0):
 garbage-first heap   total 432128K, used 329719K [0x0000000080000000, 0x0000000100000000)
  region size 1024K, 93 young (95232K), 14 survivors (14336K)
 Metaspace       used 126175K, committed 129152K, reserved 557056K
  class space    used 17238K, committed 18688K, reserved 425984K
}
Event: 15.980 GC heap after
{Heap after GC invocations=64 (full 0):
 garbage-first heap   total 432128K, used 255681K [0x0000000080000000, 0x0000000100000000)
  region size 1024K, 12 young (12288K), 12 survivors (12288K)
 Metaspace       used 126175K, committed 129152K, reserved 557056K
  class space    used 17238K, committed 18688K, reserved 425984K
}
Event: 16.138 GC heap before
{Heap before GC invocations=64 (full 0):
 garbage-first heap   total 432128K, used 379585K [0x0000000080000000, 0x0000000100000000)
  region size 1024K, 134 young (137216K), 12 survivors (12288K)
 Metaspace       used 126182K, committed 129152K, reserved 557056K
  class space    used 17238K, committed 18688K, reserved 425984K
}
Event: 16.145 GC heap after
{Heap after GC invocations=65 (full 0):
 garbage-first heap   total 432128K, used 257582K [0x0000000080000000, 0x0000000100000000)
  region size 1024K, 6 young (6144K), 6 survivors (6144K)
 Metaspace       used 126182K, committed 129152K, reserved 557056K
  class space    used 17238K, committed 18688K, reserved 425984K
}
Event: 16.567 GC heap before
{Heap before GC invocations=65 (full 0):
 garbage-first heap   total 432128K, used 385582K [0x0000000080000000, 0x0000000100000000)
  region size 1024K, 132 young (135168K), 6 survivors (6144K)
 Metaspace       used 126326K, committed 129344K, reserved 557056K
  class space    used 17242K, committed 18688K, reserved 425984K
}
Event: 16.570 GC heap after
{Heap after GC invocations=66 (full 0):
 garbage-first heap   total 432128K, used 262131K [0x0000000080000000, 0x0000000100000000)
  region size 1024K, 11 young (11264K), 11 survivors (11264K)
 Metaspace       used 126326K, committed 129344K, reserved 557056K
  class space    used 17242K, committed 18688K, reserved 425984K
}
Event: 16.948 GC heap before
{Heap before GC invocations=67 (full 0):
 garbage-first heap   total 459776K, used 390131K [0x0000000080000000, 0x0000000100000000)
  region size 1024K, 137 young (140288K), 11 survivors (11264K)
 Metaspace       used 126531K, committed 129472K, reserved 557056K
  class space    used 17253K, committed 18688K, reserved 425984K
}
Event: 16.954 GC heap after
{Heap after GC invocations=68 (full 0):
 garbage-first heap   total 459776K, used 266416K [0x0000000080000000, 0x0000000100000000)
  region size 1024K, 12 young (12288K), 12 survivors (12288K)
 Metaspace       used 126531K, committed 129472K, reserved 557056K
  class space    used 17253K, committed 18688K, reserved 425984K
}
Event: 17.537 GC heap before
{Heap before GC invocations=68 (full 0):
 garbage-first heap   total 459776K, used 411824K [0x0000000080000000, 0x0000000100000000)
  region size 1024K, 155 young (158720K), 12 survivors (12288K)
 Metaspace       used 126816K, committed 129856K, reserved 557056K
  class space    used 17268K, committed 18752K, reserved 425984K
}
Event: 17.545 GC heap after
{Heap after GC invocations=69 (full 0):
 garbage-first heap   total 459776K, used 268256K [0x0000000080000000, 0x0000000100000000)
  region size 1024K, 13 young (13312K), 13 survivors (13312K)
 Metaspace       used 126816K, committed 129856K, reserved 557056K
  class space    used 17268K, committed 18752K, reserved 425984K
}
Event: 17.778 GC heap before
{Heap before GC invocations=69 (full 0):
 garbage-first heap   total 459776K, used 415712K [0x0000000080000000, 0x0000000100000000)
  region size 1024K, 158 young (161792K), 13 survivors (13312K)
 Metaspace       used 126981K, committed 129984K, reserved 557056K
  class space    used 17277K, committed 18752K, reserved 425984K
}
Event: 17.784 GC heap after
{Heap after GC invocations=70 (full 0):
 garbage-first heap   total 459776K, used 272088K [0x0000000080000000, 0x0000000100000000)
  region size 1024K, 12 young (12288K), 12 survivors (12288K)
 Metaspace       used 126981K, committed 129984K, reserved 557056K
  class space    used 17277K, committed 18752K, reserved 425984K
}
Event: 18.294 GC heap before
{Heap before GC invocations=71 (full 0):
 garbage-first heap   total 583680K, used 416472K [0x0000000080000000, 0x0000000100000000)
  region size 1024K, 154 young (157696K), 12 survivors (12288K)
 Metaspace       used 128261K, committed 131264K, reserved 557056K
  class space    used 17437K, committed 18880K, reserved 425984K
}
Event: 18.301 GC heap after
{Heap after GC invocations=72 (full 0):
 garbage-first heap   total 583680K, used 277033K [0x0000000080000000, 0x0000000100000000)
  region size 1024K, 11 young (11264K), 11 survivors (11264K)
 Metaspace       used 128261K, committed 131264K, reserved 557056K
  class space    used 17437K, committed 18880K, reserved 425984K
}
Event: 2301.870 GC heap before
{Heap before GC invocations=72 (full 0):
 garbage-first heap   total 583680K, used 512553K [0x0000000080000000, 0x0000000100000000)
  region size 1024K, 242 young (247808K), 11 survivors (11264K)
 Metaspace       used 137365K, committed 140416K, reserved 557056K
  class space    used 18369K, committed 19840K, reserved 425984K
}
Event: 2302.028 GC heap after
{Heap after GC invocations=73 (full 0):
 garbage-first heap   total 583680K, used 280228K [0x0000000080000000, 0x0000000100000000)
  region size 1024K, 16 young (16384K), 16 survivors (16384K)
 Metaspace       used 137365K, committed 140416K, reserved 557056K
  class space    used 18369K, committed 19840K, reserved 425984K
}

Dll operation events (15 events):
Event: 0.008 Loaded shared library C:\Program Files\Java\jdk21.0.3_9\bin\java.dll
Event: 0.026 Loaded shared library C:\Program Files\Java\jdk21.0.3_9\bin\jsvml.dll
Event: 0.045 Loaded shared library C:\Program Files\Java\jdk21.0.3_9\bin\zip.dll
Event: 0.047 Loaded shared library C:\Program Files\Java\jdk21.0.3_9\bin\instrument.dll
Event: 0.049 Loaded shared library C:\Program Files\Java\jdk21.0.3_9\bin\net.dll
Event: 0.050 Loaded shared library C:\Program Files\Java\jdk21.0.3_9\bin\nio.dll
Event: 0.051 Loaded shared library C:\Program Files\Java\jdk21.0.3_9\bin\zip.dll
Event: 0.162 Loaded shared library C:\Program Files\Java\jdk21.0.3_9\bin\jimage.dll
Event: 0.248 Loaded shared library C:\Program Files\Java\jdk21.0.3_9\bin\verify.dll
Event: 0.300 Loaded shared library C:\Users\abhil\.gradle\native\1def1411415f61bf3af743bc5b6707747c0891f09f0c88961ee8f79bc544acac\windows-amd64\native-platform.dll
Event: 0.307 Loaded shared library C:\Users\abhil\.gradle\native\0.2.7\x86_64-windows-gnu\gradle-fileevents.dll
Event: 0.828 Loaded shared library C:\Program Files\Java\jdk21.0.3_9\bin\management.dll
Event: 0.829 Loaded shared library C:\Program Files\Java\jdk21.0.3_9\bin\management_ext.dll
Event: 0.901 Loaded shared library C:\Program Files\Java\jdk21.0.3_9\bin\extnet.dll
Event: 1.018 Loaded shared library C:\Program Files\Java\jdk21.0.3_9\bin\sunmscapi.dll

Deoptimization events (20 events):
Event: 2948.310 Thread 0x000002aec20069d0 Uncommon trap: trap_request=0xffffffc6 fr.pc=0x000002ae88ae3284 relative=0x0000000000004ca4
Event: 2948.310 Thread 0x000002aec20069d0 Uncommon trap: reason=bimorphic_or_optimized_type_check action=maybe_recompile pc=0x000002ae88ae3284 method=org.gradle.internal.execution.steps.AssignImmutableWorkspaceStep.execute(Lorg/gradle/internal/execution/UnitOfWork;Lorg/gradle/internal/execution/s
Event: 2948.310 Thread 0x000002aec20069d0 DEOPT PACKING pc=0x000002ae88ae3284 sp=0x000000c8100f9120
Event: 2948.310 Thread 0x000002aec20069d0 DEOPT UNPACKING pc=0x000002ae874a7da2 sp=0x000000c8100f8ff0 mode 2
Event: 2948.313 Thread 0x000002aec20069d0 Uncommon trap: trap_request=0xffffffbe fr.pc=0x000002ae88c49a60 relative=0x00000000000005a0
Event: 2948.313 Thread 0x000002aec20069d0 Uncommon trap: reason=profile_predicate action=maybe_recompile pc=0x000002ae88c49a60 method=org.gradle.internal.service.DefaultServiceRegistry.validateImplementationForServiceTypes(Ljava/util/List;Ljava/lang/reflect/Type;)V @ 18 c2
Event: 2948.313 Thread 0x000002aec20069d0 DEOPT PACKING pc=0x000002ae88c49a60 sp=0x000000c8100f7ee0
Event: 2948.313 Thread 0x000002aec20069d0 DEOPT UNPACKING pc=0x000002ae874a7da2 sp=0x000000c8100f7e60 mode 2
Event: 2948.320 Thread 0x000002aec20069d0 Uncommon trap: trap_request=0xffffffbe fr.pc=0x000002ae88c49a60 relative=0x00000000000005a0
Event: 2948.320 Thread 0x000002aec20069d0 Uncommon trap: reason=profile_predicate action=maybe_recompile pc=0x000002ae88c49a60 method=org.gradle.internal.service.DefaultServiceRegistry.validateImplementationForServiceTypes(Ljava/util/List;Ljava/lang/reflect/Type;)V @ 18 c2
Event: 2948.320 Thread 0x000002aec20069d0 DEOPT PACKING pc=0x000002ae88c49a60 sp=0x000000c8100f7e40
Event: 2948.320 Thread 0x000002aec20069d0 DEOPT UNPACKING pc=0x000002ae874a7da2 sp=0x000000c8100f7dc0 mode 2
Event: 2948.321 Thread 0x000002aec20069d0 Uncommon trap: trap_request=0xffffffbe fr.pc=0x000002ae88c49a60 relative=0x00000000000005a0
Event: 2948.321 Thread 0x000002aec20069d0 Uncommon trap: reason=profile_predicate action=maybe_recompile pc=0x000002ae88c49a60 method=org.gradle.internal.service.DefaultServiceRegistry.validateImplementationForServiceTypes(Ljava/util/List;Ljava/lang/reflect/Type;)V @ 18 c2
Event: 2948.321 Thread 0x000002aec20069d0 DEOPT PACKING pc=0x000002ae88c49a60 sp=0x000000c8100f7e40
Event: 2948.321 Thread 0x000002aec20069d0 DEOPT UNPACKING pc=0x000002ae874a7da2 sp=0x000000c8100f7dc0 mode 2
Event: 2948.323 Thread 0x000002aec20069d0 Uncommon trap: trap_request=0xffffffbe fr.pc=0x000002ae88c49a60 relative=0x00000000000005a0
Event: 2948.323 Thread 0x000002aec20069d0 Uncommon trap: reason=profile_predicate action=maybe_recompile pc=0x000002ae88c49a60 method=org.gradle.internal.service.DefaultServiceRegistry.validateImplementationForServiceTypes(Ljava/util/List;Ljava/lang/reflect/Type;)V @ 18 c2
Event: 2948.323 Thread 0x000002aec20069d0 DEOPT PACKING pc=0x000002ae88c49a60 sp=0x000000c8100f7e40
Event: 2948.323 Thread 0x000002aec20069d0 DEOPT UNPACKING pc=0x000002ae874a7da2 sp=0x000000c8100f7dc0 mode 2

Classes loaded (20 events):
Event: 33.702 Loading class java/nio/channels/CancelledKeyException
Event: 33.702 Loading class java/nio/channels/CancelledKeyException done
Event: 33.705 Loading class java/nio/BufferUnderflowException
Event: 33.705 Loading class java/nio/BufferUnderflowException done
Event: 33.718 Loading class java/lang/ProcessBuilder$NullInputStream
Event: 33.718 Loading class java/lang/ProcessBuilder$NullInputStream done
Event: 33.765 Loading class java/nio/channels/AsynchronousCloseException
Event: 33.765 Loading class java/nio/channels/AsynchronousCloseException done
Event: 33.767 Loading class sun/nio/ch/SocketChannelImpl$DefaultOptionsHolder
Event: 33.767 Loading class sun/nio/ch/SocketChannelImpl$DefaultOptionsHolder done
Event: 34.773 Loading class sun/net/ConnectionResetException
Event: 34.773 Loading class sun/net/ConnectionResetException done
Event: 39.936 Loading class java/nio/file/StandardCopyOption
Event: 39.936 Loading class java/nio/file/StandardCopyOption done
Event: 39.936 Loading class sun/nio/fs/WindowsFileCopy
Event: 39.937 Loading class sun/nio/fs/WindowsFileCopy done
Event: 40.096 Loading class java/util/concurrent/CompletableFuture$AsyncRun
Event: 40.096 Loading class java/util/concurrent/CompletableFuture$AsyncRun done
Event: 2947.344 Loading class jdk/internal/math/FormattedFPDecimal
Event: 2947.377 Loading class jdk/internal/math/FormattedFPDecimal done

Classes unloaded (0 events):
No events

Classes redefined (0 events):
No events

Internal exceptions (20 events):
Event: 40.161 Thread 0x000002aec20000d0 Exception <a 'sun/nio/fs/WindowsException'{0x000000009845c5a8}> (0x000000009845c5a8) 
thrown [s\src\hotspot\share\prims\jni.cpp, line 520]
Event: 40.163 Thread 0x000002aec20000d0 Exception <a 'sun/nio/fs/WindowsException'{0x000000009830f1b8}> (0x000000009830f1b8) 
thrown [s\src\hotspot\share\prims\jni.cpp, line 520]
Event: 40.163 Thread 0x000002aec20000d0 Exception <a 'sun/nio/fs/WindowsException'{0x000000009830ff80}> (0x000000009830ff80) 
thrown [s\src\hotspot\share\prims\jni.cpp, line 520]
Event: 40.163 Thread 0x000002aec20000d0 Exception <a 'sun/nio/fs/WindowsException'{0x0000000098310d90}> (0x0000000098310d90) 
thrown [s\src\hotspot\share\prims\jni.cpp, line 520]
Event: 40.164 Thread 0x000002aec20000d0 Exception <a 'sun/nio/fs/WindowsException'{0x00000000983566a0}> (0x00000000983566a0) 
thrown [s\src\hotspot\share\prims\jni.cpp, line 520]
Event: 40.164 Thread 0x000002aec20000d0 Exception <a 'sun/nio/fs/WindowsException'{0x000000009835f9b0}> (0x000000009835f9b0) 
thrown [s\src\hotspot\share\prims\jni.cpp, line 520]
Event: 40.165 Thread 0x000002aec20000d0 Exception <a 'sun/nio/fs/WindowsException'{0x000000009837bbb8}> (0x000000009837bbb8) 
thrown [s\src\hotspot\share\prims\jni.cpp, line 520]
Event: 40.165 Thread 0x000002aec20000d0 Exception <a 'sun/nio/fs/WindowsException'{0x000000009837fee8}> (0x000000009837fee8) 
thrown [s\src\hotspot\share\prims\jni.cpp, line 520]
Event: 2947.807 Thread 0x000002aec20069d0 Exception <a 'sun/nio/fs/WindowsException'{0x00000000a2689540}> (0x00000000a2689540) 
thrown [s\src\hotspot\share\prims\jni.cpp, line 520]
Event: 2947.808 Thread 0x000002aec20069d0 Exception <a 'sun/nio/fs/WindowsException'{0x00000000a268a948}> (0x00000000a268a948) 
thrown [s\src\hotspot\share\prims\jni.cpp, line 520]
Event: 2947.809 Thread 0x000002aec20069d0 Exception <a 'sun/nio/fs/WindowsException'{0x00000000a268bd40}> (0x00000000a268bd40) 
thrown [s\src\hotspot\share\prims\jni.cpp, line 520]
Event: 2947.809 Thread 0x000002aec20069d0 Exception <a 'sun/nio/fs/WindowsException'{0x00000000a268d118}> (0x00000000a268d118) 
thrown [s\src\hotspot\share\prims\jni.cpp, line 520]
Event: 2947.918 Thread 0x000002aec20069d0 Exception <a 'sun/nio/fs/WindowsException'{0x00000000a2586708}> (0x00000000a2586708) 
thrown [s\src\hotspot\share\prims\jni.cpp, line 520]
Event: 2947.918 Thread 0x000002aec20069d0 Exception <a 'sun/nio/fs/WindowsException'{0x00000000a2588070}> (0x00000000a2588070) 
thrown [s\src\hotspot\share\prims\jni.cpp, line 520]
Event: 2947.918 Thread 0x000002aec20069d0 Exception <a 'sun/nio/fs/WindowsException'{0x00000000a25899c8}> (0x00000000a25899c8) 
thrown [s\src\hotspot\share\prims\jni.cpp, line 520]
Event: 2947.918 Thread 0x000002aec20069d0 Exception <a 'sun/nio/fs/WindowsException'{0x00000000a258b300}> (0x00000000a258b300) 
thrown [s\src\hotspot\share\prims\jni.cpp, line 520]
Event: 2948.046 Thread 0x000002aec20069d0 Implicit null exception at 0x000002ae8883c3f1 to 0x000002ae888433d8
Event: 2948.283 Thread 0x000002aec20069d0 Exception <a 'sun/nio/fs/WindowsException'{0x00000000a0efd0d8}> (0x00000000a0efd0d8) 
thrown [s\src\hotspot\share\prims\jni.cpp, line 520]
Event: 2948.283 Thread 0x000002aec20069d0 Exception <a 'sun/nio/fs/WindowsException'{0x00000000a0efebf0}> (0x00000000a0efebf0) 
thrown [s\src\hotspot\share\prims\jni.cpp, line 520]
Event: 2948.283 Thread 0x000002aec20069d0 Exception <a 'sun/nio/fs/WindowsException'{0x00000000a0d01858}> (0x00000000a0d01858) 
thrown [s\src\hotspot\share\prims\jni.cpp, line 520]

ZGC Phase Switch (0 events):
No events

VM Operations (20 events):
Event: 2301.868 Executing VM operation: G1CollectForAllocation (G1 Evacuation Pause)
Event: 2302.028 Executing VM operation: G1CollectForAllocation (G1 Evacuation Pause) done
Event: 2518.389 Executing VM operation: Cleanup
Event: 2518.390 Executing VM operation: Cleanup done
Event: 2571.708 Executing VM operation: Cleanup
Event: 2571.708 Executing VM operation: Cleanup done
Event: 2601.894 Executing VM operation: Cleanup
Event: 2601.894 Executing VM operation: Cleanup done
Event: 2620.036 Executing VM operation: Cleanup
Event: 2620.036 Executing VM operation: Cleanup done
Event: 2691.445 Executing VM operation: Cleanup
Event: 2691.445 Executing VM operation: Cleanup done
Event: 2774.972 Executing VM operation: Cleanup
Event: 2774.972 Executing VM operation: Cleanup done
Event: 2782.017 Executing VM operation: Cleanup
Event: 2782.017 Executing VM operation: Cleanup done
Event: 2947.400 Executing VM operation: Cleanup
Event: 2947.415 Executing VM operation: Cleanup done
Event: 2948.243 Executing VM operation: ICBufferFull
Event: 2948.243 Executing VM operation: ICBufferFull done

Events (20 events):
Event: 2947.245 Thread 0x000002aec2005cb0 Thread added: 0x000002aec2005cb0
Event: 2947.253 Thread 0x000002aec2006340 Thread added: 0x000002aec2006340
Event: 2947.286 Thread 0x000002aec2004270 Thread added: 0x000002aec2004270
Event: 2947.302 Thread 0x000002aec20069d0 Thread added: 0x000002aec20069d0
Event: 2947.329 Thread 0x000002aec2007060 Thread added: 0x000002aec2007060
Event: 2947.387 Thread 0x000002aec2003be0 Thread added: 0x000002aec2003be0
Event: 2947.390 Thread 0x000002aec20076f0 Thread added: 0x000002aec20076f0
Event: 2947.628 Thread 0x000002aec2004900 Thread added: 0x000002aec2004900
Event: 2947.642 Thread 0x000002aec20097c0 Thread added: 0x000002aec20097c0
Event: 2947.824 Thread 0x000002aec200b200 Thread added: 0x000002aec200b200
Event: 2947.887 Thread 0x000002aec200a4e0 Thread added: 0x000002aec200a4e0
Event: 2947.889 Thread 0x000002aec2008410 Thread added: 0x000002aec2008410
Event: 2947.912 Thread 0x000002aec2008aa0 Thread added: 0x000002aec2008aa0
Event: 2948.110 Thread 0x000002aec2009130 Thread added: 0x000002aec2009130
Event: 2948.112 Thread 0x000002aec2007d80 Thread added: 0x000002aec2007d80
Event: 2948.144 Thread 0x000002aec200bf20 Thread added: 0x000002aec200bf20
Event: 2948.145 Thread 0x000002aec200ab70 Thread added: 0x000002aec200ab70
Event: 2948.146 Thread 0x000002aec5512dd0 Thread added: 0x000002aec5512dd0
Event: 2948.302 Thread 0x000002aec550f750 Thread added: 0x000002aec550f750
Event: 2948.570 Thread 0x000002aec200d2d0 Thread added: 0x000002aec200d2d0


Dynamic libraries:
0x00007ff6fb0c0000 - 0x00007ff6fb0ce000 	C:\Program Files\Java\jdk21.0.3_9\bin\java.exe
0x00007ff9cf5c0000 - 0x00007ff9cf825000 	C:\WINDOWS\SYSTEM32\ntdll.dll
0x00007ff9cf0d0000 - 0x00007ff9cf199000 	C:\WINDOWS\System32\KERNEL32.DLL
0x00007ff9cc900000 - 0x00007ff9ccce8000 	C:\WINDOWS\System32\KERNELBASE.dll
0x00007ff9cd180000 - 0x00007ff9cd2cb000 	C:\WINDOWS\System32\ucrtbase.dll
0x00007ff9bd890000 - 0x00007ff9bd8ab000 	C:\Program Files\Java\jdk21.0.3_9\bin\VCRUNTIME140.dll
0x00007ff9bd8b0000 - 0x00007ff9bd8c8000 	C:\Program Files\Java\jdk21.0.3_9\bin\jli.dll
0x00007ff9cf270000 - 0x00007ff9cf43a000 	C:\WINDOWS\System32\USER32.dll
0x00007ff9b2e00000 - 0x00007ff9b309a000 	C:\WINDOWS\WinSxS\amd64_microsoft.windows.common-controls_6595b64144ccf1df_6.0.26100.4202_none_3e0698d4e335f517\COMCTL32.dll
0x00007ff9ccfd0000 - 0x00007ff9ccff7000 	C:\WINDOWS\System32\win32u.dll
0x00007ff9cdcb0000 - 0x00007ff9cdd59000 	C:\WINDOWS\System32\msvcrt.dll
0x00007ff9cf1f0000 - 0x00007ff9cf21b000 	C:\WINDOWS\System32\GDI32.dll
0x00007ff9cc710000 - 0x00007ff9cc847000 	C:\WINDOWS\System32\gdi32full.dll
0x00007ff9cc850000 - 0x00007ff9cc8f3000 	C:\WINDOWS\System32\msvcp_win.dll
0x00007ff9cf540000 - 0x00007ff9cf570000 	C:\WINDOWS\System32\IMM32.DLL
0x00007ff9c0dc0000 - 0x00007ff9c0dcc000 	C:\Program Files\Java\jdk21.0.3_9\bin\vcruntime140_1.dll
0x00007ff9bd800000 - 0x00007ff9bd88d000 	C:\Program Files\Java\jdk21.0.3_9\bin\msvcp140.dll
0x00007ff90e840000 - 0x00007ff90f5d1000 	C:\Program Files\Java\jdk21.0.3_9\bin\server\jvm.dll
0x00007ff9ce810000 - 0x00007ff9ce8c3000 	C:\WINDOWS\System32\ADVAPI32.dll
0x00007ff9ce760000 - 0x00007ff9ce806000 	C:\WINDOWS\System32\sechost.dll
0x00007ff9cd660000 - 0x00007ff9cd775000 	C:\WINDOWS\System32\RPCRT4.dll
0x00007ff9cdd60000 - 0x00007ff9cddd4000 	C:\WINDOWS\System32\WS2_32.dll
0x00007ff9cb300000 - 0x00007ff9cb35e000 	C:\WINDOWS\SYSTEM32\POWRPROF.dll
0x00007ff9beab0000 - 0x00007ff9beabb000 	C:\WINDOWS\SYSTEM32\VERSION.dll
0x00007ff9c10b0000 - 0x00007ff9c10e5000 	C:\WINDOWS\SYSTEM32\WINMM.dll
0x00007ff9cb2e0000 - 0x00007ff9cb2f4000 	C:\WINDOWS\SYSTEM32\UMPDC.dll
0x00007ff9cb5f0000 - 0x00007ff9cb60b000 	C:\WINDOWS\SYSTEM32\kernel.appcore.dll
0x00007ff9bd7f0000 - 0x00007ff9bd7fa000 	C:\Program Files\Java\jdk21.0.3_9\bin\jimage.dll
0x00007ff9c9f80000 - 0x00007ff9ca1c1000 	C:\WINDOWS\SYSTEM32\DBGHELP.DLL
0x00007ff9cd920000 - 0x00007ff9cdca5000 	C:\WINDOWS\System32\combase.dll
0x00007ff9cdde0000 - 0x00007ff9cdec1000 	C:\WINDOWS\System32\OLEAUT32.dll
0x00007ff9add10000 - 0x00007ff9add49000 	C:\WINDOWS\SYSTEM32\dbgcore.DLL
0x00007ff9ccf30000 - 0x00007ff9ccfc9000 	C:\WINDOWS\System32\bcryptPrimitives.dll
0x00007ff9b9fc0000 - 0x00007ff9b9fce000 	C:\Program Files\Java\jdk21.0.3_9\bin\instrument.dll
0x00007ff9bd7d0000 - 0x00007ff9bd7ef000 	C:\Program Files\Java\jdk21.0.3_9\bin\java.dll
0x00007ff9ce8d0000 - 0x00007ff9cf012000 	C:\WINDOWS\System32\SHELL32.dll
0x00007ff9cccf0000 - 0x00007ff9cce64000 	C:\WINDOWS\System32\wintypes.dll
0x00007ff9ca370000 - 0x00007ff9cabc8000 	C:\WINDOWS\SYSTEM32\windows.storage.dll
0x00007ff9cd780000 - 0x00007ff9cd871000 	C:\WINDOWS\System32\SHCORE.dll
0x00007ff9cd5f0000 - 0x00007ff9cd65a000 	C:\WINDOWS\System32\shlwapi.dll
0x00007ff9cc620000 - 0x00007ff9cc64f000 	C:\WINDOWS\SYSTEM32\profapi.dll
0x00007ff9bc430000 - 0x00007ff9bc507000 	C:\Program Files\Java\jdk21.0.3_9\bin\jsvml.dll
0x00007ff9bca40000 - 0x00007ff9bca58000 	C:\Program Files\Java\jdk21.0.3_9\bin\zip.dll
0x00007ff9bca80000 - 0x00007ff9bca90000 	C:\Program Files\Java\jdk21.0.3_9\bin\net.dll
0x00007ff9c0b70000 - 0x00007ff9c0c8e000 	C:\WINDOWS\SYSTEM32\WINHTTP.dll
0x00007ff9cbb60000 - 0x00007ff9cbbca000 	C:\WINDOWS\system32\mswsock.dll
0x00007ff9bca60000 - 0x00007ff9bca76000 	C:\Program Files\Java\jdk21.0.3_9\bin\nio.dll
0x00007ff9bca30000 - 0x00007ff9bca40000 	C:\Program Files\Java\jdk21.0.3_9\bin\verify.dll
0x00007ff9bc400000 - 0x00007ff9bc427000 	C:\Users\abhil\.gradle\native\1def1411415f61bf3af743bc5b6707747c0891f09f0c88961ee8f79bc544acac\windows-amd64\native-platform.dll
0x00007ff9b9f40000 - 0x00007ff9b9fb8000 	C:\Users\abhil\.gradle\native\0.2.7\x86_64-windows-gnu\gradle-fileevents.dll
0x00007ff9bca20000 - 0x00007ff9bca29000 	C:\Program Files\Java\jdk21.0.3_9\bin\management.dll
0x00007ff9bca10000 - 0x00007ff9bca1b000 	C:\Program Files\Java\jdk21.0.3_9\bin\management_ext.dll
0x00007ff9cd900000 - 0x00007ff9cd908000 	C:\WINDOWS\System32\PSAPI.DLL
0x00007ff9caf90000 - 0x00007ff9cafc3000 	C:\WINDOWS\SYSTEM32\IPHLPAPI.DLL
0x00007ff9cded0000 - 0x00007ff9cdeda000 	C:\WINDOWS\System32\NSI.dll
0x00007ff9b9fd0000 - 0x00007ff9b9fd9000 	C:\Program Files\Java\jdk21.0.3_9\bin\extnet.dll
0x00007ff9cbe10000 - 0x00007ff9cbe2b000 	C:\WINDOWS\SYSTEM32\CRYPTSP.dll
0x00007ff9cb550000 - 0x00007ff9cb58a000 	C:\WINDOWS\system32\rsaenh.dll
0x00007ff9cbc00000 - 0x00007ff9cbc2b000 	C:\WINDOWS\SYSTEM32\USERENV.dll
0x00007ff9cc5f0000 - 0x00007ff9cc616000 	C:\WINDOWS\SYSTEM32\bcrypt.dll
0x00007ff9cbe30000 - 0x00007ff9cbe3c000 	C:\WINDOWS\SYSTEM32\CRYPTBASE.dll
0x00007ff9b9f30000 - 0x00007ff9b9f3e000 	C:\Program Files\Java\jdk21.0.3_9\bin\sunmscapi.dll
0x00007ff9cd000000 - 0x00007ff9cd177000 	C:\WINDOWS\System32\CRYPT32.dll
0x00007ff9cc030000 - 0x00007ff9cc060000 	C:\WINDOWS\SYSTEM32\ncrypt.dll
0x00007ff9cbfe0000 - 0x00007ff9cc01f000 	C:\WINDOWS\SYSTEM32\NTASN1.dll
0x00007ff916950000 - 0x00007ff916958000 	C:\WINDOWS\system32\wshunix.dll
0x00007ff99c060000 - 0x00007ff99c078000 	C:\WINDOWS\system32\napinsp.dll
0x00007ff9cb030000 - 0x00007ff9cb157000 	C:\WINDOWS\SYSTEM32\DNSAPI.dll
0x00007ff99b4f0000 - 0x00007ff99b502000 	C:\WINDOWS\System32\winrnr.dll
0x00007ff99b9c0000 - 0x00007ff99b9f0000 	C:\WINDOWS\system32\nlansp_c.dll
0x00007ff99b990000 - 0x00007ff99b9b0000 	C:\WINDOWS\system32\wshbth.dll
0x00007ff9b12c0000 - 0x00007ff9b12cb000 	C:\Windows\System32\rasadhlp.dll
0x00007ff9c07d0000 - 0x00007ff9c0856000 	C:\WINDOWS\System32\fwpuclnt.dll

dbghelp: loaded successfully - version: 4.0.5 - missing functions: none
symbol engine: initialized successfully - sym options: 0x614 - pdb path: .;C:\Program Files\Java\jdk21.0.3_9\bin;C:\WINDOWS\SYSTEM32;C:\WINDOWS\WinSxS\amd64_microsoft.windows.common-controls_6595b64144ccf1df_6.0.26100.4202_none_3e0698d4e335f517;C:\Program Files\Java\jdk21.0.3_9\bin\server;C:\Users\abhil\.gradle\native\1def1411415f61bf3af743bc5b6707747c0891f09f0c88961ee8f79bc544acac\windows-amd64;C:\Users\abhil\.gradle\native\0.2.7\x86_64-windows-gnu

VM Arguments:
jvm_args: --add-opens=java.base/java.lang=ALL-UNNAMED --add-opens=java.base/java.lang.invoke=ALL-UNNAMED --add-opens=java.base/java.util=ALL-UNNAMED --add-opens=java.prefs/java.util.prefs=ALL-UNNAMED --add-exports=jdk.compiler/com.sun.tools.javac.api=ALL-UNNAMED --add-exports=jdk.compiler/com.sun.tools.javac.util=ALL-UNNAMED --add-opens=java.base/java.util=ALL-UNNAMED --add-opens=java.prefs/java.util.prefs=ALL-UNNAMED --add-opens=java.base/java.nio.charset=ALL-UNNAMED --add-opens=java.base/java.net=ALL-UNNAMED --add-opens=java.base/java.util.concurrent.atomic=ALL-UNNAMED --add-opens=java.xml/javax.xml.namespace=ALL-UNNAMED -XX:MaxMetaspaceSize=512m -Xmx2048m -Dfile.encoding=UTF-8 -Duser.country=IN -Duser.language=en -Duser.variant -javaagent:C:\Users\abhil\.gradle\wrapper\dists\gradle-8.13-bin\5xuhj0ry160q40clulazy9h7d\gradle-8.13\lib\agents\gradle-instrumentation-agent-8.13.jar 
java_command: org.gradle.launcher.daemon.bootstrap.GradleDaemon 8.13
java_class_path (initial): C:\Users\abhil\.gradle\wrapper\dists\gradle-8.13-bin\5xuhj0ry160q40clulazy9h7d\gradle-8.13\lib\gradle-daemon-main-8.13.jar
Launcher Type: SUN_STANDARD

[Global flags]
     intx CICompilerCount                          = 12                                        {product} {ergonomic}
   size_t CompressedClassSpaceSize                 = 436207616                                 {product} {ergonomic}
     uint ConcGCThreads                            = 3                                         {product} {ergonomic}
     uint G1ConcRefinementThreads                  = 13                                        {product} {ergonomic}
   size_t G1HeapRegionSize                         = 1048576                                   {product} {ergonomic}
    uintx GCDrainStackTargetSize                   = 64                                        {product} {ergonomic}
   size_t InitialHeapSize                          = 255852544                                 {product} {ergonomic}
   size_t MarkStackSize                            = 4194304                                   {product} {ergonomic}
   size_t MaxHeapSize                              = 2147483648                                {product} {command line}
   size_t MaxMetaspaceSize                         = 536870912                                 {product} {command line}
   size_t MaxNewSize                               = 1287651328                                {product} {ergonomic}
   size_t MinHeapDeltaBytes                        = 1048576                                   {product} {ergonomic}
   size_t MinHeapSize                              = 8388608                                   {product} {ergonomic}
    uintx NonNMethodCodeHeapSize                   = 7602480                                {pd product} {ergonomic}
    uintx NonProfiledCodeHeapSize                  = 122027880                              {pd product} {ergonomic}
    uintx ProfiledCodeHeapSize                     = 122027880                              {pd product} {ergonomic}
    uintx ReservedCodeCacheSize                    = 251658240                              {pd product} {ergonomic}
     bool SegmentedCodeCache                       = true                                      {product} {ergonomic}
   size_t SoftMaxHeapSize                          = 2147483648                             {manageable} {ergonomic}
     bool UseCompressedOops                        = true                           {product lp64_product} {ergonomic}
     bool UseG1GC                                  = true                                      {product} {ergonomic}
     bool UseLargePagesIndividualAllocation        = false                                  {pd product} {ergonomic}

Logging:
Log output configuration:
 #0: stdout all=warning uptime,level,tags foldmultilines=false
 #1: stderr all=off uptime,level,tags foldmultilines=false

Environment Variables:
JAVA_HOME=C:\Program Files\Java\jdk21.0.3_9
CLASSPATH=C:\Users\abhil\Desktop\dev\QV\qvadmin-ui\android\\gradle\wrapper\gradle-wrapper.jar
PATH=C:\Users\abhil\Desktop\dev\QV\qvadmin-ui\node_modules\.bin;C:\Users\abhil\Desktop\dev\QV\qvadmin-ui\node_modules\.bin;C:\Users\abhil\Desktop\dev\QV\node_modules\.bin;C:\Users\abhil\Desktop\dev\node_modules\.bin;C:\Users\abhil\Desktop\node_modules\.bin;C:\Users\abhil\node_modules\.bin;C:\Users\node_modules\.bin;C:\node_modules\.bin;C:\Program Files\nodejs\node_modules\npm\node_modules\@npmcli\run-script\lib\node-gyp-bin;C:\WINDOWS\system32;C:\Program Files (x86)\NVIDIA Corporation\PhysX\Common;C:\Users\abhil\AppData\Local\Yarn\bin;C:\Program Files\Java\jdk-17\bin;C:\WINDOWS;C:\WINDOWS\System32\Wbem;C:\WINDOWS\System32\WindowsPowerShell\v1.0\;C:\WINDOWS\System32\OpenSSH\;C:\Program Files\CMake\bin;C:\Program Files\NVIDIA Corporation\NVIDIA app\NvDLISR;C:\Program Files\nodejs;C:\Program Files\nodejs\;C:\Users\abhil\Desktop\softwere\platform-tools\;C:\Program Files\Git\cmd;C:\Program Files\PostgreSQL\15\bin;C:\Users\abhil\AppData\Local\Yarn\bin;C:\Users\abhil\AppData\Local\Programs\Microsoft VS Code\bin;C:\Users\abhil\AppData\Local\Microsoft\WindowsApps;C:\Users\abhil\AppData\Local\GitHubDesktop\bin;C:\Program Files\nodejs;C:\Users\abhil\AppData\Roaming\npm
USERNAME=abhil
OS=Windows_NT
PROCESSOR_IDENTIFIER=AMD64 Family 25 Model 97 Stepping 2, AuthenticAMD
TMP=C:\Users\abhil\AppData\Local\Temp
TEMP=C:\Users\abhil\AppData\Local\Temp




Periodic native trim disabled

---------------  S Y S T E M  ---------------

OS:
 Windows 11 , 64 bit Build 26100 (10.0.26100.4202)
OS uptime: 0 days 14:13 hours
Hyper-V role detected

CPU: total 16 (initial active 16) (16 cores per cpu, 2 threads per core) family 25 model 97 stepping 2 microcode 0xa601206, cx8, cmov, fxsr, ht, mmx, 3dnowpref, sse, sse2, sse3, ssse3, sse4a, sse4.1, sse4.2, popcnt, lzcnt, tsc, tscinvbit, avx, avx2, aes, erms, clmul, bmi1, bmi2, adx, avx512f, avx512dq, avx512cd, avx512bw, avx512vl, sha, fma, vzeroupper, avx512_vpopcntdq, avx512_vpclmulqdq, avx512_vaes, avx512_vnni, clflush, clflushopt, avx512_vbmi2, avx512_vbmi, hv, rdtscp, rdpid, fsrm, gfni, avx512_bitalg, f16c, cet_ss, avx512_ifma
Processor Information for all 16 processors :
  Max Mhz: 3601, Current Mhz: 3601, Mhz Limit: 3601

Memory: 4k page, system-wide physical 15553M (951M free)
TotalPageFile size 62657M (AvailPageFile size 3M)
current process WorkingSet (physical memory assigned to process): 226M, peak: 1015M
current process commit charge ("private bytes"): 1056M, peak: 1106M

vm_info: OpenJDK 64-Bit Server VM (21.0.3+9-LTS) for windows-amd64 JRE (21.0.3+9-LTS), built on 2024-04-10T19:10:39Z by "Administrator" with MS VC++ 16.10 / 16.11 (VS2019)

END.
